UNITID,173258
OPEID,234000
OPEID6,2340
INSTNM,Carleton College
CITY,Northfield
STABBR,MN
ZIP,55057-4001
ACCREDAGENCY,North Central Association of Colleges and Schools The Higher Learning Commission
INSTURL,www.carleton.edu
NPCURL,https://apps.carleton.edu/admissions/afford/estimator/
SCH_DEG,3
HCM2,0
MAIN,1
NUMBRANCH,1
PREDDEG,3
HIGHDEG,3
CONTROL,2
ST_FIPS,27
REGION,4
LOCALE,32
LOCALE2,NULL
LATITUDE,44.462318
LONGITUDE,-93.154666
CCBASIC,21
CCUGPROF,14
CCSIZSET,11
HBCU,0
PBI,0
ANNHI,0
TRIBAL,0
AANAPII,0
HSI,0
NANTI,0
MENONLY,0
WOMENONLY,0
RELAFFIL,NULL
ADM_RATE,0.2262
ADM_RATE_ALL,0.226214341
SATVR25,660
SATVR75,770
SATMT25,660
SATMT75,770
SATWR25,660
SATWR75,750
SATVRMID,715
SATMTMID,715
SATWRMID,705
ACTCM25,30
ACTCM75,33
ACTEN25,NULL
ACTEN75,NULL
ACTMT25,NULL
ACTMT75,NULL
ACTWR25,NULL
ACTWR75,NULL
ACTCMMID,32
ACTENMID,NULL
ACTMTMID,NULL
ACTWRMID,NULL
SAT_AVG,1413
SAT_AVG_ALL,1413
PCIP01,0
PCIP03,0.0201
PCIP04,0
PCIP05,0.0241
PCIP09,0
PCIP10,0
PCIP11,0.1006
PCIP12,0
PCIP13,0
PCIP14,0
PCIP15,0
PCIP16,0.0302
PCIP19,0
PCIP22,0
PCIP23,0.0644
PCIP24,0
PCIP25,0
PCIP26,0.1127
PCIP27,0.0644
PCIP29,0
PCIP30,0.006
PCIP31,0
PCIP38,0.0282
PCIP39,0
PCIP40,0.1268
PCIP41,0
PCIP42,0.0604
PCIP43,0
PCIP44,0
PCIP45,0.1992
PCIP46,0
PCIP47,0
PCIP48,0
PCIP49,0
PCIP50,0.0986
PCIP51,0
PCIP52,0
PCIP54,0.0644
CIP01CERT1,0
CIP01CERT2,0
CIP01ASSOC,0
CIP01CERT4,0
CIP01BACHL,0
CIP03CERT1,0
CIP03CERT2,0
CIP03ASSOC,0
CIP03CERT4,0
CIP03BACHL,1
CIP04CERT1,0
CIP04CERT2,0
CIP04ASSOC,0
CIP04CERT4,0
CIP04BACHL,0
CIP05CERT1,0
CIP05CERT2,0
CIP05ASSOC,0
CIP05CERT4,0
CIP05BACHL,1
CIP09CERT1,0
CIP09CERT2,0
CIP09ASSOC,0
CIP09CERT4,0
CIP09BACHL,0
CIP10CERT1,0
CIP10CERT2,0
CIP10ASSOC,0
CIP10CERT4,0
CIP10BACHL,0
CIP11CERT1,0
CIP11CERT2,0
CIP11ASSOC,0
CIP11CERT4,0
CIP11BACHL,1
CIP12CERT1,0
CIP12CERT2,0
CIP12ASSOC,0
CIP12CERT4,0
CIP12BACHL,0
CIP13CERT1,0
CIP13CERT2,0
CIP13ASSOC,0
CIP13CERT4,0
CIP13BACHL,0
CIP14CERT1,0
CIP14CERT2,0
CIP14ASSOC,0
CIP14CERT4,0
CIP14BACHL,0
CIP15CERT1,0
CIP15CERT2,0
CIP15ASSOC,0
CIP15CERT4,0
CIP15BACHL,0
CIP16CERT1,0
CIP16CERT2,0
CIP16ASSOC,0
CIP16CERT4,0
CIP16BACHL,1
CIP19CERT1,0
CIP19CERT2,0
CIP19ASSOC,0
CIP19CERT4,0
CIP19BACHL,0
CIP22CERT1,0
CIP22CERT2,0
CIP22ASSOC,0
CIP22CERT4,0
CIP22BACHL,0
CIP23CERT1,0
CIP23CERT2,0
CIP23ASSOC,0
CIP23CERT4,0
CIP23BACHL,1
CIP24CERT1,0
CIP24CERT2,0
CIP24ASSOC,0
CIP24CERT4,0
CIP24BACHL,1
CIP25CERT1,0
CIP25CERT2,0
CIP25ASSOC,0
CIP25CERT4,0
CIP25BACHL,0
CIP26CERT1,0
CIP26CERT2,0
CIP26ASSOC,0
CIP26CERT4,0
CIP26BACHL,1
CIP27CERT1,0
CIP27CERT2,0
CIP27ASSOC,0
CIP27CERT4,0
CIP27BACHL,1
CIP29CERT1,0
CIP29CERT2,0
CIP29ASSOC,0
CIP29CERT4,0
CIP29BACHL,0
CIP30CERT1,0
CIP30CERT2,0
CIP30ASSOC,0
CIP30CERT4,0
CIP30BACHL,1
CIP31CERT1,0
CIP31CERT2,0
CIP31ASSOC,0
CIP31CERT4,0
CIP31BACHL,0
CIP38CERT1,0
CIP38CERT2,0
CIP38ASSOC,0
CIP38CERT4,0
CIP38BACHL,1
CIP39CERT1,0
CIP39CERT2,0
CIP39ASSOC,0
CIP39CERT4,0
CIP39BACHL,0
CIP40CERT1,0
CIP40CERT2,0
CIP40ASSOC,0
CIP40CERT4,0
CIP40BACHL,1
CIP41CERT1,0
CIP41CERT2,0
CIP41ASSOC,0
CIP41CERT4,0
CIP41BACHL,0
CIP42CERT1,0
CIP42CERT2,0
CIP42ASSOC,0
CIP42CERT4,0
CIP42BACHL,1
CIP43CERT1,0
CIP43CERT2,0
CIP43ASSOC,0
CIP43CERT4,0
CIP43BACHL,0
CIP44CERT1,0
CIP44CERT2,0
CIP44ASSOC,0
CIP44CERT4,0
CIP44BACHL,0
CIP45CERT1,0
CIP45CERT2,0
CIP45ASSOC,0
CIP45CERT4,0
CIP45BACHL,1
CIP46CERT1,0
CIP46CERT2,0
CIP46ASSOC,0
CIP46CERT4,0
CIP46BACHL,0
CIP47CERT1,0
CIP47CERT2,0
CIP47ASSOC,0
CIP47CERT4,0
CIP47BACHL,0
CIP48CERT1,0
CIP48CERT2,0
CIP48ASSOC,0
CIP48CERT4,0
CIP48BACHL,0
CIP49CERT1,0
CIP49CERT2,0
CIP49ASSOC,0
CIP49CERT4,0
CIP49BACHL,0
CIP50CERT1,0
CIP50CERT2,0
CIP50ASSOC,0
CIP50CERT4,0
CIP50BACHL,1
CIP51CERT1,0
CIP51CERT2,0
CIP51ASSOC,0
CIP51CERT4,0
CIP51BACHL,0
CIP52CERT1,0
CIP52CERT2,0
CIP52ASSOC,0
CIP52CERT4,0
CIP52BACHL,0
CIP54CERT1,0
CIP54CERT2,0
CIP54ASSOC,0
CIP54CERT4,0
CIP54BACHL,1
DISTANCEONLY,0
UGDS,2045
UG,1936
UGDS_WHITE,0.6161
UGDS_BLACK,0.045
UGDS_HISP,0.0748
UGDS_ASIAN,0.0856
UGDS_AIAN,0.0015
UGDS_NHPI,0.001
UGDS_2MOR,0.0567
UGDS_NRA,0.1017
UGDS_UNKN,0.0176
UGDS_WHITENH,0.6913
UGDS_BLACKNH,0.0463
UGDS_API,0.0967
UGDS_AIANOLD,0.0065
UGDS_HISPOLD,0.0554
UG_NRA,0.0181
UG_UNKN,0
UG_WHITENH,0.8316
UG_BLACKNH,0.0294
UG_API,0.0821
UG_AIANOLD,0.0026
UG_HISPOLD,0.0362
PPTUG_EF,0
PPTUG_EF2,0.0114
CURROPER,1
NPT4_PUB,NULL
NPT4_PRIV,26745
NPT4_PROG,NULL
NPT4_OTHER,NULL
NPT41_PUB,NULL
NPT42_PUB,NULL
NPT43_PUB,NULL
NPT44_PUB,NULL
NPT45_PUB,NULL
NPT41_PRIV,12207
NPT42_PRIV,13473
NPT43_PRIV,14682
NPT44_PRIV,22396
NPT45_PRIV,38398
NPT41_PROG,NULL
NPT42_PROG,NULL
NPT43_PROG,NULL
NPT44_PROG,NULL
NPT45_PROG,NULL
NPT41_OTHER,NULL
NPT42_OTHER,NULL
NPT43_OTHER,NULL
NPT44_OTHER,NULL
NPT45_OTHER,NULL
NPT4_048_PUB,NULL
NPT4_048_PRIV,12840
NPT4_048_PROG,NULL
NPT4_048_OTHER,NULL
NPT4_3075_PUB,NULL
NPT4_3075_PRIV,14110
NPT4_75UP_PUB,NULL
NPT4_75UP_PRIV,34044
NPT4_3075_PROG,NULL
NPT4_3075_OTHER,NULL
NPT4_75UP_PROG,NULL
NPT4_75UP_OTHER,NULL
NUM4_PUB,NULL
NUM4_PRIV,228
NUM4_PROG,NULL
NUM4_OTHER,NULL
NUM41_PUB,NULL
NUM42_PUB,NULL
NUM43_PUB,NULL
NUM44_PUB,NULL
NUM45_PUB,NULL
NUM41_PRIV,26
NUM42_PRIV,26
NUM43_PRIV,29
NUM44_PRIV,40
NUM45_PRIV,107
NUM41_PROG,NULL
NUM42_PROG,NULL
NUM43_PROG,NULL
NUM44_PROG,NULL
NUM45_PROG,NULL
NUM41_OTHER,NULL
NUM42_OTHER,NULL
NUM43_OTHER,NULL
NUM44_OTHER,NULL
NUM45_OTHER,NULL
COSTT4_A,64420
COSTT4_P,NULL
TUITIONFEE_IN,50874
TUITIONFEE_OUT,50874
TUITIONFEE_PROG,NULL
TUITFTE,31272
INEXPFTE,29133
AVGFACSAL,11688
PFTFAC,0.8369
PCTPELL,0.1301
C150_4,0.9217
C150_L4,NULL
C150_4_POOLED,0.9336
C150_L4_POOLED,NULL
POOLYRS,2
PFTFTUG1_EF,1
D150_4,511
D150_L4,NULL
D150_4_POOLED,1039
D150_L4_POOLED,NULL
C150_4_WHITE,0.9417
C150_4_BLACK,0.7647
C150_4_HISP,0.9474
C150_4_ASIAN,0.9118
C150_4_AIAN,NULL
C150_4_NHPI,1
C150_4_2MOR,0.8261
C150_4_NRA,0.8537
C150_4_UNKN,0.9286
C150_4_WHITENH,0.938
C150_4_BLACKNH,0.8889
C150_4_API,0.9796
C150_4_AIANOLD,1
C150_4_HISPOLD,0.8214
C150_L4_WHITE,NULL
C150_L4_BLACK,NULL
C150_L4_HISP,NULL
C150_L4_ASIAN,NULL
C150_L4_AIAN,NULL
C150_L4_NHPI,NULL
C150_L4_2MOR,NULL
C150_L4_NRA,NULL
C150_L4_UNKN,NULL
C150_L4_WHITENH,NULL
C150_L4_BLACKNH,NULL
C150_L4_API,NULL
C150_L4_AIANOLD,NULL
C150_L4_HISPOLD,NULL
C200_4,0.9303
C200_L4,NULL
D200_4,488
D200_L4,NULL
RET_FT4,0.9613
RET_FTL4,NULL
RET_PT4,NULL
RET_PTL4,NULL
C200_4_POOLED,0.9268
C200_L4_POOLED,NULL
POOLYRS200,2
D200_4_POOLED,997
D200_L4_POOLED,NULL
PCTFLOAN,0.4628
UG25ABV,0.003
CDR2,0.009
CDR3,0.005
DEATH_YR2_RT,PrivacySuppressed
COMP_ORIG_YR2_RT,PrivacySuppressed
COMP_4YR_TRANS_YR2_RT,PrivacySuppressed
COMP_2YR_TRANS_YR2_RT,PrivacySuppressed
WDRAW_ORIG_YR2_RT,PrivacySuppressed
WDRAW_4YR_TRANS_YR2_RT,PrivacySuppressed
WDRAW_2YR_TRANS_YR2_RT,PrivacySuppressed
ENRL_ORIG_YR2_RT,0.811059908
ENRL_4YR_TRANS_YR2_RT,PrivacySuppressed
ENRL_2YR_TRANS_YR2_RT,PrivacySuppressed
UNKN_ORIG_YR2_RT,0.069124424
UNKN_4YR_TRANS_YR2_RT,PrivacySuppressed
UNKN_2YR_TRANS_YR2_RT,PrivacySuppressed
LO_INC_DEATH_YR2_RT,PrivacySuppressed
LO_INC_COMP_ORIG_YR2_RT,PrivacySuppressed
LO_INC_COMP_4YR_TRANS_YR2_RT,PrivacySuppressed
LO_INC_COMP_2YR_TRANS_YR2_RT,PrivacySuppressed
LO_INC_WDRAW_ORIG_YR2_RT,PrivacySuppressed
LO_INC_WDRAW_4YR_TRANS_YR2_RT,PrivacySuppressed
LO_INC_WDRAW_2YR_TRANS_YR2_RT,PrivacySuppressed
LO_INC_ENRL_ORIG_YR2_RT,PrivacySuppressed
LO_INC_ENRL_4YR_TRANS_YR2_RT,PrivacySuppressed
LO_INC_ENRL_2YR_TRANS_YR2_RT,PrivacySuppressed
LO_INC_UNKN_ORIG_YR2_RT,PrivacySuppressed
LO_INC_UNKN_4YR_TRANS_YR2_RT,PrivacySuppressed
LO_INC_UNKN_2YR_TRANS_YR2_RT,PrivacySuppressed
MD_INC_DEATH_YR2_RT,PrivacySuppressed
MD_INC_COMP_ORIG_YR2_RT,PrivacySuppressed
MD_INC_COMP_4YR_TRANS_YR2_RT,PrivacySuppressed
MD_INC_COMP_2YR_TRANS_YR2_RT,PrivacySuppressed
MD_INC_WDRAW_ORIG_YR2_RT,PrivacySuppressed
MD_INC_WDRAW_4YR_TRANS_YR2_RT,PrivacySuppressed
MD_INC_WDRAW_2YR_TRANS_YR2_RT,PrivacySuppressed
MD_INC_ENRL_ORIG_YR2_RT,PrivacySuppressed
MD_INC_ENRL_4YR_TRANS_YR2_RT,PrivacySuppressed
MD_INC_ENRL_2YR_TRANS_YR2_RT,PrivacySuppressed
MD_INC_UNKN_ORIG_YR2_RT,PrivacySuppressed
MD_INC_UNKN_4YR_TRANS_YR2_RT,PrivacySuppressed
MD_INC_UNKN_2YR_TRANS_YR2_RT,PrivacySuppressed
HI_INC_DEATH_YR2_RT,PrivacySuppressed
HI_INC_COMP_ORIG_YR2_RT,PrivacySuppressed
HI_INC_COMP_4YR_TRANS_YR2_RT,PrivacySuppressed
HI_INC_COMP_2YR_TRANS_YR2_RT,PrivacySuppressed
HI_INC_WDRAW_ORIG_YR2_RT,PrivacySuppressed
HI_INC_WDRAW_4YR_TRANS_YR2_RT,PrivacySuppressed
HI_INC_WDRAW_2YR_TRANS_YR2_RT,PrivacySuppressed
HI_INC_ENRL_ORIG_YR2_RT,0.796747968
HI_INC_ENRL_4YR_TRANS_YR2_RT,PrivacySuppressed
HI_INC_ENRL_2YR_TRANS_YR2_RT,PrivacySuppressed
HI_INC_UNKN_ORIG_YR2_RT,PrivacySuppressed
HI_INC_UNKN_4YR_TRANS_YR2_RT,PrivacySuppressed
HI_INC_UNKN_2YR_TRANS_YR2_RT,PrivacySuppressed
DEP_DEATH_YR2_RT,PrivacySuppressed
DEP_COMP_ORIG_YR2_RT,PrivacySuppressed
DEP_COMP_4YR_TRANS_YR2_RT,PrivacySuppressed
DEP_COMP_2YR_TRANS_YR2_RT,PrivacySuppressed
DEP_WDRAW_ORIG_YR2_RT,PrivacySuppressed
DEP_WDRAW_4YR_TRANS_YR2_RT,PrivacySuppressed
DEP_WDRAW_2YR_TRANS_YR2_RT,PrivacySuppressed
DEP_ENRL_ORIG_YR2_RT,PrivacySuppressed
DEP_ENRL_4YR_TRANS_YR2_RT,PrivacySuppressed
DEP_ENRL_2YR_TRANS_YR2_RT,PrivacySuppressed
DEP_UNKN_ORIG_YR2_RT,PrivacySuppressed
DEP_UNKN_4YR_TRANS_YR2_RT,PrivacySuppressed
DEP_UNKN_2YR_TRANS_YR2_RT,PrivacySuppressed
IND_DEATH_YR2_RT,PrivacySuppressed
IND_COMP_ORIG_YR2_RT,PrivacySuppressed
IND_COMP_4YR_TRANS_YR2_RT,PrivacySuppressed
IND_COMP_2YR_TRANS_YR2_RT,PrivacySuppressed
IND_WDRAW_ORIG_YR2_RT,PrivacySuppressed
IND_WDRAW_4YR_TRANS_YR2_RT,PrivacySuppressed
IND_WDRAW_2YR_TRANS_YR2_RT,PrivacySuppressed
IND_ENRL_ORIG_YR2_RT,PrivacySuppressed
IND_ENRL_4YR_TRANS_YR2_RT,PrivacySuppressed
IND_ENRL_2YR_TRANS_YR2_RT,PrivacySuppressed
IND_UNKN_ORIG_YR2_RT,PrivacySuppressed
IND_UNKN_4YR_TRANS_YR2_RT,PrivacySuppressed
IND_UNKN_2YR_TRANS_YR2_RT,PrivacySuppressed
FEMALE_DEATH_YR2_RT,PrivacySuppressed
FEMALE_COMP_ORIG_YR2_RT,PrivacySuppressed
FEMALE_COMP_4YR_TRANS_YR2_RT,PrivacySuppressed
FEMALE_COMP_2YR_TRANS_YR2_RT,PrivacySuppressed
FEMALE_WDRAW_ORIG_YR2_RT,PrivacySuppressed
FEMALE_WDRAW_4YR_TRANS_YR2_RT,PrivacySuppressed
FEMALE_WDRAW_2YR_TRANS_YR2_RT,PrivacySuppressed
FEMALE_ENRL_ORIG_YR2_RT,0.803571429
FEMALE_ENRL_4YR_TRANS_YR2_RT,PrivacySuppressed
FEMALE_ENRL_2YR_TRANS_YR2_RT,PrivacySuppressed
FEMALE_UNKN_ORIG_YR2_RT,PrivacySuppressed
FEMALE_UNKN_4YR_TRANS_YR2_RT,PrivacySuppressed
FEMALE_UNKN_2YR_TRANS_YR2_RT,PrivacySuppressed
MALE_DEATH_YR2_RT,PrivacySuppressed
MALE_COMP_ORIG_YR2_RT,PrivacySuppressed
MALE_COMP_4YR_TRANS_YR2_RT,PrivacySuppressed
MALE_COMP_2YR_TRANS_YR2_RT,PrivacySuppressed
MALE_WDRAW_ORIG_YR2_RT,PrivacySuppressed
MALE_WDRAW_4YR_TRANS_YR2_RT,PrivacySuppressed
MALE_WDRAW_2YR_TRANS_YR2_RT,PrivacySuppressed
MALE_ENRL_ORIG_YR2_RT,0.819047619
MALE_ENRL_4YR_TRANS_YR2_RT,PrivacySuppressed
MALE_ENRL_2YR_TRANS_YR2_RT,PrivacySuppressed
MALE_UNKN_ORIG_YR2_RT,PrivacySuppressed
MALE_UNKN_4YR_TRANS_YR2_RT,PrivacySuppressed
MALE_UNKN_2YR_TRANS_YR2_RT,PrivacySuppressed
PELL_DEATH_YR2_RT,PrivacySuppressed
PELL_COMP_ORIG_YR2_RT,PrivacySuppressed
PELL_COMP_4YR_TRANS_YR2_RT,PrivacySuppressed
PELL_COMP_2YR_TRANS_YR2_RT,PrivacySuppressed
PELL_WDRAW_ORIG_YR2_RT,PrivacySuppressed
PELL_WDRAW_4YR_TRANS_YR2_RT,PrivacySuppressed
PELL_WDRAW_2YR_TRANS_YR2_RT,PrivacySuppressed
PELL_ENRL_ORIG_YR2_RT,0.855555556
PELL_ENRL_4YR_TRANS_YR2_RT,PrivacySuppressed
PELL_ENRL_2YR_TRANS_YR2_RT,PrivacySuppressed
PELL_UNKN_ORIG_YR2_RT,PrivacySuppressed
PELL_UNKN_4YR_TRANS_YR2_RT,PrivacySuppressed
PELL_UNKN_2YR_TRANS_YR2_RT,PrivacySuppressed
NOPELL_DEATH_YR2_RT,PrivacySuppressed
NOPELL_COMP_ORIG_YR2_RT,PrivacySuppressed
NOPELL_COMP_4YR_TRANS_YR2_RT,PrivacySuppressed
NOPELL_COMP_2YR_TRANS_YR2_RT,PrivacySuppressed
NOPELL_WDRAW_ORIG_YR2_RT,PrivacySuppressed
NOPELL_WDRAW_4YR_TRANS_YR2_RT,PrivacySuppressed
NOPELL_WDRAW_2YR_TRANS_YR2_RT,PrivacySuppressed
NOPELL_ENRL_ORIG_YR2_RT,0.779527559
NOPELL_ENRL_4YR_TRANS_YR2_RT,PrivacySuppressed
NOPELL_ENRL_2YR_TRANS_YR2_RT,PrivacySuppressed
NOPELL_UNKN_ORIG_YR2_RT,PrivacySuppressed
NOPELL_UNKN_4YR_TRANS_YR2_RT,PrivacySuppressed
NOPELL_UNKN_2YR_TRANS_YR2_RT,PrivacySuppressed
LOAN_DEATH_YR2_RT,PrivacySuppressed
LOAN_COMP_ORIG_YR2_RT,PrivacySuppressed
LOAN_COMP_4YR_TRANS_YR2_RT,PrivacySuppressed
LOAN_COMP_2YR_TRANS_YR2_RT,PrivacySuppressed
LOAN_WDRAW_ORIG_YR2_RT,PrivacySuppressed
LOAN_WDRAW_4YR_TRANS_YR2_RT,PrivacySuppressed
LOAN_WDRAW_2YR_TRANS_YR2_RT,PrivacySuppressed
LOAN_ENRL_ORIG_YR2_RT,PrivacySuppressed
LOAN_ENRL_4YR_TRANS_YR2_RT,PrivacySuppressed
LOAN_ENRL_2YR_TRANS_YR2_RT,PrivacySuppressed
LOAN_UNKN_ORIG_YR2_RT,PrivacySuppressed
LOAN_UNKN_4YR_TRANS_YR2_RT,PrivacySuppressed
LOAN_UNKN_2YR_TRANS_YR2_RT,PrivacySuppressed
NOLOAN_DEATH_YR2_RT,PrivacySuppressed
NOLOAN_COMP_ORIG_YR2_RT,PrivacySuppressed
NOLOAN_COMP_4YR_TRANS_YR2_RT,PrivacySuppressed
NOLOAN_COMP_2YR_TRANS_YR2_RT,PrivacySuppressed
NOLOAN_WDRAW_ORIG_YR2_RT,PrivacySuppressed
NOLOAN_WDRAW_4YR_TRANS_YR2_RT,PrivacySuppressed
NOLOAN_WDRAW_2YR_TRANS_YR2_RT,PrivacySuppressed
NOLOAN_ENRL_ORIG_YR2_RT,PrivacySuppressed
NOLOAN_ENRL_4YR_TRANS_YR2_RT,PrivacySuppressed
NOLOAN_ENRL_2YR_TRANS_YR2_RT,PrivacySuppressed
NOLOAN_UNKN_ORIG_YR2_RT,PrivacySuppressed
NOLOAN_UNKN_4YR_TRANS_YR2_RT,PrivacySuppressed
NOLOAN_UNKN_2YR_TRANS_YR2_RT,PrivacySuppressed
FIRSTGEN_DEATH_YR2_RT,PrivacySuppressed
FIRSTGEN_COMP_ORIG_YR2_RT,PrivacySuppressed
FIRSTGEN_COMP_4YR_TRANS_YR2_RT,PrivacySuppressed
FIRSTGEN_COMP_2YR_TRANS_YR2_RT,PrivacySuppressed
FIRSTGEN_WDRAW_ORIG_YR2_RT,PrivacySuppressed
FIRSTGEN_WDRAW_4YR_TRANS_YR2_RT,PrivacySuppressed
FIRSTGEN_WDRAW_2YR_TRANS_YR2_RT,PrivacySuppressed
FIRSTGEN_ENRL_ORIG_YR2_RT,PrivacySuppressed
FIRSTGEN_ENRL_4YR_TRANS_YR2_RT,PrivacySuppressed
FIRSTGEN_ENRL_2YR_TRANS_YR2_RT,PrivacySuppressed
FIRSTGEN_UNKN_ORIG_YR2_RT,PrivacySuppressed
FIRSTGEN_UNKN_4YR_TRANS_YR2_RT,PrivacySuppressed
FIRSTGEN_UNKN_2YR_TRANS_YR2_RT,PrivacySuppressed
NOT1STGEN_DEATH_YR2_RT,PrivacySuppressed
NOT1STGEN_COMP_ORIG_YR2_RT,PrivacySuppressed
NOT1STGEN_COMP_4YR_TRANS_YR2_RT,PrivacySuppressed
NOT1STGEN_COMP_2YR_TRANS_YR2_RT,PrivacySuppressed
NOT1STGEN_WDRAW_ORIG_YR2_RT,PrivacySuppressed
NOT1STGEN_WDRAW_4YR_TRANS_YR2_RT,PrivacySuppressed
NOT1STGEN_WDRAW_2YR_TRANS_YR2_RT,PrivacySuppressed
NOT1STGEN_ENRL_ORIG_YR2_RT,PrivacySuppressed
NOT1STGEN_ENRL_4YR_TRANS_YR2_RT,PrivacySuppressed
NOT1STGEN_ENRL_2YR_TRANS_YR2_RT,PrivacySuppressed
NOT1STGEN_UNKN_ORIG_YR2_RT,PrivacySuppressed
NOT1STGEN_UNKN_4YR_TRANS_YR2_RT,PrivacySuppressed
NOT1STGEN_UNKN_2YR_TRANS_YR2_RT,PrivacySuppressed
DEATH_YR3_RT,PrivacySuppressed
COMP_ORIG_YR3_RT,0.830434783
COMP_4YR_TRANS_YR3_RT,PrivacySuppressed
COMP_2YR_TRANS_YR3_RT,PrivacySuppressed
WDRAW_ORIG_YR3_RT,0.069565217
WDRAW_4YR_TRANS_YR3_RT,PrivacySuppressed
WDRAW_2YR_TRANS_YR3_RT,PrivacySuppressed
ENRL_ORIG_YR3_RT,0.047826087
ENRL_4YR_TRANS_YR3_RT,PrivacySuppressed
ENRL_2YR_TRANS_YR3_RT,PrivacySuppressed
UNKN_ORIG_YR3_RT,PrivacySuppressed
UNKN_4YR_TRANS_YR3_RT,PrivacySuppressed
UNKN_2YR_TRANS_YR3_RT,PrivacySuppressed
LO_INC_DEATH_YR3_RT,PrivacySuppressed
LO_INC_COMP_ORIG_YR3_RT,PrivacySuppressed
LO_INC_COMP_4YR_TRANS_YR3_RT,PrivacySuppressed
LO_INC_COMP_2YR_TRANS_YR3_RT,PrivacySuppressed
LO_INC_WDRAW_ORIG_YR3_RT,PrivacySuppressed
LO_INC_WDRAW_4YR_TRANS_YR3_RT,PrivacySuppressed
LO_INC_WDRAW_2YR_TRANS_YR3_RT,PrivacySuppressed
LO_INC_ENRL_ORIG_YR3_RT,PrivacySuppressed
LO_INC_ENRL_4YR_TRANS_YR3_RT,PrivacySuppressed
LO_INC_ENRL_2YR_TRANS_YR3_RT,PrivacySuppressed
LO_INC_UNKN_ORIG_YR3_RT,PrivacySuppressed
LO_INC_UNKN_4YR_TRANS_YR3_RT,PrivacySuppressed
LO_INC_UNKN_2YR_TRANS_YR3_RT,PrivacySuppressed
MD_INC_DEATH_YR3_RT,PrivacySuppressed
MD_INC_COMP_ORIG_YR3_RT,PrivacySuppressed
MD_INC_COMP_4YR_TRANS_YR3_RT,PrivacySuppressed
MD_INC_COMP_2YR_TRANS_YR3_RT,PrivacySuppressed
MD_INC_WDRAW_ORIG_YR3_RT,PrivacySuppressed
MD_INC_WDRAW_4YR_TRANS_YR3_RT,PrivacySuppressed
MD_INC_WDRAW_2YR_TRANS_YR3_RT,PrivacySuppressed
MD_INC_ENRL_ORIG_YR3_RT,PrivacySuppressed
MD_INC_ENRL_4YR_TRANS_YR3_RT,PrivacySuppressed
MD_INC_ENRL_2YR_TRANS_YR3_RT,PrivacySuppressed
MD_INC_UNKN_ORIG_YR3_RT,PrivacySuppressed
MD_INC_UNKN_4YR_TRANS_YR3_RT,PrivacySuppressed
MD_INC_UNKN_2YR_TRANS_YR3_RT,PrivacySuppressed
HI_INC_DEATH_YR3_RT,PrivacySuppressed
HI_INC_COMP_ORIG_YR3_RT,0.840909091
HI_INC_COMP_4YR_TRANS_YR3_RT,PrivacySuppressed
HI_INC_COMP_2YR_TRANS_YR3_RT,PrivacySuppressed
HI_INC_WDRAW_ORIG_YR3_RT,PrivacySuppressed
HI_INC_WDRAW_4YR_TRANS_YR3_RT,PrivacySuppressed
HI_INC_WDRAW_2YR_TRANS_YR3_RT,PrivacySuppressed
HI_INC_ENRL_ORIG_YR3_RT,PrivacySuppressed
HI_INC_ENRL_4YR_TRANS_YR3_RT,PrivacySuppressed
HI_INC_ENRL_2YR_TRANS_YR3_RT,PrivacySuppressed
HI_INC_UNKN_ORIG_YR3_RT,PrivacySuppressed
HI_INC_UNKN_4YR_TRANS_YR3_RT,PrivacySuppressed
HI_INC_UNKN_2YR_TRANS_YR3_RT,PrivacySuppressed
DEP_DEATH_YR3_RT,PrivacySuppressed
DEP_COMP_ORIG_YR3_RT,PrivacySuppressed
DEP_COMP_4YR_TRANS_YR3_RT,PrivacySuppressed
DEP_COMP_2YR_TRANS_YR3_RT,PrivacySuppressed
DEP_WDRAW_ORIG_YR3_RT,PrivacySuppressed
DEP_WDRAW_4YR_TRANS_YR3_RT,PrivacySuppressed
DEP_WDRAW_2YR_TRANS_YR3_RT,PrivacySuppressed
DEP_ENRL_ORIG_YR3_RT,PrivacySuppressed
DEP_ENRL_4YR_TRANS_YR3_RT,PrivacySuppressed
DEP_ENRL_2YR_TRANS_YR3_RT,PrivacySuppressed
DEP_UNKN_ORIG_YR3_RT,PrivacySuppressed
DEP_UNKN_4YR_TRANS_YR3_RT,PrivacySuppressed
DEP_UNKN_2YR_TRANS_YR3_RT,PrivacySuppressed
IND_DEATH_YR3_RT,PrivacySuppressed
IND_COMP_ORIG_YR3_RT,PrivacySuppressed
IND_COMP_4YR_TRANS_YR3_RT,PrivacySuppressed
IND_COMP_2YR_TRANS_YR3_RT,PrivacySuppressed
IND_WDRAW_ORIG_YR3_RT,PrivacySuppressed
IND_WDRAW_4YR_TRANS_YR3_RT,PrivacySuppressed
IND_WDRAW_2YR_TRANS_YR3_RT,PrivacySuppressed
IND_ENRL_ORIG_YR3_RT,PrivacySuppressed
IND_ENRL_4YR_TRANS_YR3_RT,PrivacySuppressed
IND_ENRL_2YR_TRANS_YR3_RT,PrivacySuppressed
IND_UNKN_ORIG_YR3_RT,PrivacySuppressed
IND_UNKN_4YR_TRANS_YR3_RT,PrivacySuppressed
IND_UNKN_2YR_TRANS_YR3_RT,PrivacySuppressed
FEMALE_DEATH_YR3_RT,PrivacySuppressed
FEMALE_COMP_ORIG_YR3_RT,0.875
FEMALE_COMP_4YR_TRANS_YR3_RT,PrivacySuppressed
FEMALE_COMP_2YR_TRANS_YR3_RT,PrivacySuppressed
FEMALE_WDRAW_ORIG_YR3_RT,PrivacySuppressed
FEMALE_WDRAW_4YR_TRANS_YR3_RT,PrivacySuppressed
FEMALE_WDRAW_2YR_TRANS_YR3_RT,PrivacySuppressed
FEMALE_ENRL_ORIG_YR3_RT,PrivacySuppressed
FEMALE_ENRL_4YR_TRANS_YR3_RT,PrivacySuppressed
FEMALE_ENRL_2YR_TRANS_YR3_RT,PrivacySuppressed
FEMALE_UNKN_ORIG_YR3_RT,PrivacySuppressed
FEMALE_UNKN_4YR_TRANS_YR3_RT,PrivacySuppressed
FEMALE_UNKN_2YR_TRANS_YR3_RT,PrivacySuppressed
MALE_DEATH_YR3_RT,PrivacySuppressed
MALE_COMP_ORIG_YR3_RT,0.781818182
MALE_COMP_4YR_TRANS_YR3_RT,PrivacySuppressed
MALE_COMP_2YR_TRANS_YR3_RT,PrivacySuppressed
MALE_WDRAW_ORIG_YR3_RT,PrivacySuppressed
MALE_WDRAW_4YR_TRANS_YR3_RT,PrivacySuppressed
MALE_WDRAW_2YR_TRANS_YR3_RT,PrivacySuppressed
MALE_ENRL_ORIG_YR3_RT,PrivacySuppressed
MALE_ENRL_4YR_TRANS_YR3_RT,PrivacySuppressed
MALE_ENRL_2YR_TRANS_YR3_RT,PrivacySuppressed
MALE_UNKN_ORIG_YR3_RT,PrivacySuppressed
MALE_UNKN_4YR_TRANS_YR3_RT,PrivacySuppressed
MALE_UNKN_2YR_TRANS_YR3_RT,PrivacySuppressed
PELL_DEATH_YR3_RT,PrivacySuppressed
PELL_COMP_ORIG_YR3_RT,0.829545455
PELL_COMP_4YR_TRANS_YR3_RT,PrivacySuppressed
PELL_COMP_2YR_TRANS_YR3_RT,PrivacySuppressed
PELL_WDRAW_ORIG_YR3_RT,PrivacySuppressed
PELL_WDRAW_4YR_TRANS_YR3_RT,PrivacySuppressed
PELL_WDRAW_2YR_TRANS_YR3_RT,PrivacySuppressed
PELL_ENRL_ORIG_YR3_RT,PrivacySuppressed
PELL_ENRL_4YR_TRANS_YR3_RT,PrivacySuppressed
PELL_ENRL_2YR_TRANS_YR3_RT,PrivacySuppressed
PELL_UNKN_ORIG_YR3_RT,PrivacySuppressed
PELL_UNKN_4YR_TRANS_YR3_RT,PrivacySuppressed
PELL_UNKN_2YR_TRANS_YR3_RT,PrivacySuppressed
NOPELL_DEATH_YR3_RT,PrivacySuppressed
NOPELL_COMP_ORIG_YR3_RT,0.830985916
NOPELL_COMP_4YR_TRANS_YR3_RT,PrivacySuppressed
NOPELL_COMP_2YR_TRANS_YR3_RT,PrivacySuppressed
NOPELL_WDRAW_ORIG_YR3_RT,PrivacySuppressed
NOPELL_WDRAW_4YR_TRANS_YR3_RT,PrivacySuppressed
NOPELL_WDRAW_2YR_TRANS_YR3_RT,PrivacySuppressed
NOPELL_ENRL_ORIG_YR3_RT,PrivacySuppressed
NOPELL_ENRL_4YR_TRANS_YR3_RT,PrivacySuppressed
NOPELL_ENRL_2YR_TRANS_YR3_RT,PrivacySuppressed
NOPELL_UNKN_ORIG_YR3_RT,PrivacySuppressed
NOPELL_UNKN_4YR_TRANS_YR3_RT,PrivacySuppressed
NOPELL_UNKN_2YR_TRANS_YR3_RT,PrivacySuppressed
LOAN_DEATH_YR3_RT,PrivacySuppressed
LOAN_COMP_ORIG_YR3_RT,PrivacySuppressed
LOAN_COMP_4YR_TRANS_YR3_RT,PrivacySuppressed
LOAN_COMP_2YR_TRANS_YR3_RT,PrivacySuppressed
LOAN_WDRAW_ORIG_YR3_RT,PrivacySuppressed
LOAN_WDRAW_4YR_TRANS_YR3_RT,PrivacySuppressed
LOAN_WDRAW_2YR_TRANS_YR3_RT,PrivacySuppressed
LOAN_ENRL_ORIG_YR3_RT,PrivacySuppressed
LOAN_ENRL_4YR_TRANS_YR3_RT,PrivacySuppressed
LOAN_ENRL_2YR_TRANS_YR3_RT,PrivacySuppressed
LOAN_UNKN_ORIG_YR3_RT,PrivacySuppressed
LOAN_UNKN_4YR_TRANS_YR3_RT,PrivacySuppressed
LOAN_UNKN_2YR_TRANS_YR3_RT,PrivacySuppressed
NOLOAN_DEATH_YR3_RT,PrivacySuppressed
NOLOAN_COMP_ORIG_YR3_RT,PrivacySuppressed
NOLOAN_COMP_4YR_TRANS_YR3_RT,PrivacySuppressed
NOLOAN_COMP_2YR_TRANS_YR3_RT,PrivacySuppressed
NOLOAN_WDRAW_ORIG_YR3_RT,PrivacySuppressed
NOLOAN_WDRAW_4YR_TRANS_YR3_RT,PrivacySuppressed
NOLOAN_WDRAW_2YR_TRANS_YR3_RT,PrivacySuppressed
NOLOAN_ENRL_ORIG_YR3_RT,PrivacySuppressed
NOLOAN_ENRL_4YR_TRANS_YR3_RT,PrivacySuppressed
NOLOAN_ENRL_2YR_TRANS_YR3_RT,PrivacySuppressed
NOLOAN_UNKN_ORIG_YR3_RT,PrivacySuppressed
NOLOAN_UNKN_4YR_TRANS_YR3_RT,PrivacySuppressed
NOLOAN_UNKN_2YR_TRANS_YR3_RT,PrivacySuppressed
FIRSTGEN_DEATH_YR3_RT,PrivacySuppressed
FIRSTGEN_COMP_ORIG_YR3_RT,PrivacySuppressed
FIRSTGEN_COMP_4YR_TRANS_YR3_RT,PrivacySuppressed
FIRSTGEN_COMP_2YR_TRANS_YR3_RT,PrivacySuppressed
FIRSTGEN_WDRAW_ORIG_YR3_RT,PrivacySuppressed
FIRSTGEN_WDRAW_4YR_TRANS_YR3_RT,PrivacySuppressed
FIRSTGEN_WDRAW_2YR_TRANS_YR3_RT,PrivacySuppressed
FIRSTGEN_ENRL_ORIG_YR3_RT,PrivacySuppressed
FIRSTGEN_ENRL_4YR_TRANS_YR3_RT,PrivacySuppressed
FIRSTGEN_ENRL_2YR_TRANS_YR3_RT,PrivacySuppressed
FIRSTGEN_UNKN_ORIG_YR3_RT,PrivacySuppressed
FIRSTGEN_UNKN_4YR_TRANS_YR3_RT,PrivacySuppressed
FIRSTGEN_UNKN_2YR_TRANS_YR3_RT,PrivacySuppressed
NOT1STGEN_DEATH_YR3_RT,PrivacySuppressed
NOT1STGEN_COMP_ORIG_YR3_RT,PrivacySuppressed
NOT1STGEN_COMP_4YR_TRANS_YR3_RT,PrivacySuppressed
NOT1STGEN_COMP_2YR_TRANS_YR3_RT,PrivacySuppressed
NOT1STGEN_WDRAW_ORIG_YR3_RT,PrivacySuppressed
NOT1STGEN_WDRAW_4YR_TRANS_YR3_RT,PrivacySuppressed
NOT1STGEN_WDRAW_2YR_TRANS_YR3_RT,PrivacySuppressed
NOT1STGEN_ENRL_ORIG_YR3_RT,PrivacySuppressed
NOT1STGEN_ENRL_4YR_TRANS_YR3_RT,PrivacySuppressed
NOT1STGEN_ENRL_2YR_TRANS_YR3_RT,PrivacySuppressed
NOT1STGEN_UNKN_ORIG_YR3_RT,PrivacySuppressed
NOT1STGEN_UNKN_4YR_TRANS_YR3_RT,PrivacySuppressed
NOT1STGEN_UNKN_2YR_TRANS_YR3_RT,PrivacySuppressed
DEATH_YR4_RT,PrivacySuppressed
COMP_ORIG_YR4_RT,0.878640777
COMP_4YR_TRANS_YR4_RT,PrivacySuppressed
COMP_2YR_TRANS_YR4_RT,PrivacySuppressed
WDRAW_ORIG_YR4_RT,0.053398058
WDRAW_4YR_TRANS_YR4_RT,PrivacySuppressed
WDRAW_2YR_TRANS_YR4_RT,PrivacySuppressed
ENRL_ORIG_YR4_RT,PrivacySuppressed
ENRL_4YR_TRANS_YR4_RT,PrivacySuppressed
ENRL_2YR_TRANS_YR4_RT,PrivacySuppressed
UNKN_ORIG_YR4_RT,PrivacySuppressed
UNKN_4YR_TRANS_YR4_RT,PrivacySuppressed
UNKN_2YR_TRANS_YR4_RT,PrivacySuppressed
LO_INC_DEATH_YR4_RT,PrivacySuppressed
LO_INC_COMP_ORIG_YR4_RT,PrivacySuppressed
LO_INC_COMP_4YR_TRANS_YR4_RT,PrivacySuppressed
LO_INC_COMP_2YR_TRANS_YR4_RT,PrivacySuppressed
LO_INC_WDRAW_ORIG_YR4_RT,PrivacySuppressed
LO_INC_WDRAW_4YR_TRANS_YR4_RT,PrivacySuppressed
LO_INC_WDRAW_2YR_TRANS_YR4_RT,PrivacySuppressed
LO_INC_ENRL_ORIG_YR4_RT,PrivacySuppressed
LO_INC_ENRL_4YR_TRANS_YR4_RT,PrivacySuppressed
LO_INC_ENRL_2YR_TRANS_YR4_RT,PrivacySuppressed
LO_INC_UNKN_ORIG_YR4_RT,PrivacySuppressed
LO_INC_UNKN_4YR_TRANS_YR4_RT,PrivacySuppressed
LO_INC_UNKN_2YR_TRANS_YR4_RT,PrivacySuppressed
MD_INC_DEATH_YR4_RT,PrivacySuppressed
MD_INC_COMP_ORIG_YR4_RT,PrivacySuppressed
MD_INC_COMP_4YR_TRANS_YR4_RT,PrivacySuppressed
MD_INC_COMP_2YR_TRANS_YR4_RT,PrivacySuppressed
MD_INC_WDRAW_ORIG_YR4_RT,PrivacySuppressed
MD_INC_WDRAW_4YR_TRANS_YR4_RT,PrivacySuppressed
MD_INC_WDRAW_2YR_TRANS_YR4_RT,PrivacySuppressed
MD_INC_ENRL_ORIG_YR4_RT,PrivacySuppressed
MD_INC_ENRL_4YR_TRANS_YR4_RT,PrivacySuppressed
MD_INC_ENRL_2YR_TRANS_YR4_RT,PrivacySuppressed
MD_INC_UNKN_ORIG_YR4_RT,PrivacySuppressed
MD_INC_UNKN_4YR_TRANS_YR4_RT,PrivacySuppressed
MD_INC_UNKN_2YR_TRANS_YR4_RT,PrivacySuppressed
HI_INC_DEATH_YR4_RT,PrivacySuppressed
HI_INC_COMP_ORIG_YR4_RT,0.894736842
HI_INC_COMP_4YR_TRANS_YR4_RT,PrivacySuppressed
HI_INC_COMP_2YR_TRANS_YR4_RT,PrivacySuppressed
HI_INC_WDRAW_ORIG_YR4_RT,PrivacySuppressed
HI_INC_WDRAW_4YR_TRANS_YR4_RT,PrivacySuppressed
HI_INC_WDRAW_2YR_TRANS_YR4_RT,PrivacySuppressed
HI_INC_ENRL_ORIG_YR4_RT,PrivacySuppressed
HI_INC_ENRL_4YR_TRANS_YR4_RT,PrivacySuppressed
HI_INC_ENRL_2YR_TRANS_YR4_RT,PrivacySuppressed
HI_INC_UNKN_ORIG_YR4_RT,PrivacySuppressed
HI_INC_UNKN_4YR_TRANS_YR4_RT,PrivacySuppressed
HI_INC_UNKN_2YR_TRANS_YR4_RT,PrivacySuppressed
DEP_DEATH_YR4_RT,PrivacySuppressed
DEP_COMP_ORIG_YR4_RT,PrivacySuppressed
DEP_COMP_4YR_TRANS_YR4_RT,PrivacySuppressed
DEP_COMP_2YR_TRANS_YR4_RT,PrivacySuppressed
DEP_WDRAW_ORIG_YR4_RT,PrivacySuppressed
DEP_WDRAW_4YR_TRANS_YR4_RT,PrivacySuppressed
DEP_WDRAW_2YR_TRANS_YR4_RT,PrivacySuppressed
DEP_ENRL_ORIG_YR4_RT,PrivacySuppressed
DEP_ENRL_4YR_TRANS_YR4_RT,PrivacySuppressed
DEP_ENRL_2YR_TRANS_YR4_RT,PrivacySuppressed
DEP_UNKN_ORIG_YR4_RT,PrivacySuppressed
DEP_UNKN_4YR_TRANS_YR4_RT,PrivacySuppressed
DEP_UNKN_2YR_TRANS_YR4_RT,PrivacySuppressed
IND_DEATH_YR4_RT,PrivacySuppressed
IND_COMP_ORIG_YR4_RT,PrivacySuppressed
IND_COMP_4YR_TRANS_YR4_RT,PrivacySuppressed
IND_COMP_2YR_TRANS_YR4_RT,PrivacySuppressed
IND_WDRAW_ORIG_YR4_RT,PrivacySuppressed
IND_WDRAW_4YR_TRANS_YR4_RT,PrivacySuppressed
IND_WDRAW_2YR_TRANS_YR4_RT,PrivacySuppressed
IND_ENRL_ORIG_YR4_RT,PrivacySuppressed
IND_ENRL_4YR_TRANS_YR4_RT,PrivacySuppressed
IND_ENRL_2YR_TRANS_YR4_RT,PrivacySuppressed
IND_UNKN_ORIG_YR4_RT,PrivacySuppressed
IND_UNKN_4YR_TRANS_YR4_RT,PrivacySuppressed
IND_UNKN_2YR_TRANS_YR4_RT,PrivacySuppressed
FEMALE_DEATH_YR4_RT,PrivacySuppressed
FEMALE_COMP_ORIG_YR4_RT,0.885714286
FEMALE_COMP_4YR_TRANS_YR4_RT,PrivacySuppressed
FEMALE_COMP_2YR_TRANS_YR4_RT,PrivacySuppressed
FEMALE_WDRAW_ORIG_YR4_RT,PrivacySuppressed
FEMALE_WDRAW_4YR_TRANS_YR4_RT,PrivacySuppressed
FEMALE_WDRAW_2YR_TRANS_YR4_RT,PrivacySuppressed
FEMALE_ENRL_ORIG_YR4_RT,PrivacySuppressed
FEMALE_ENRL_4YR_TRANS_YR4_RT,PrivacySuppressed
FEMALE_ENRL_2YR_TRANS_YR4_RT,PrivacySuppressed
FEMALE_UNKN_ORIG_YR4_RT,PrivacySuppressed
FEMALE_UNKN_4YR_TRANS_YR4_RT,PrivacySuppressed
FEMALE_UNKN_2YR_TRANS_YR4_RT,PrivacySuppressed
MALE_DEATH_YR4_RT,PrivacySuppressed
MALE_COMP_ORIG_YR4_RT,0.871287129
MALE_COMP_4YR_TRANS_YR4_RT,PrivacySuppressed
MALE_COMP_2YR_TRANS_YR4_RT,PrivacySuppressed
MALE_WDRAW_ORIG_YR4_RT,PrivacySuppressed
MALE_WDRAW_4YR_TRANS_YR4_RT,PrivacySuppressed
MALE_WDRAW_2YR_TRANS_YR4_RT,PrivacySuppressed
MALE_ENRL_ORIG_YR4_RT,PrivacySuppressed
MALE_ENRL_4YR_TRANS_YR4_RT,PrivacySuppressed
MALE_ENRL_2YR_TRANS_YR4_RT,PrivacySuppressed
MALE_UNKN_ORIG_YR4_RT,PrivacySuppressed
MALE_UNKN_4YR_TRANS_YR4_RT,PrivacySuppressed
MALE_UNKN_2YR_TRANS_YR4_RT,PrivacySuppressed
PELL_DEATH_YR4_RT,PrivacySuppressed
PELL_COMP_ORIG_YR4_RT,0.860759494
PELL_COMP_4YR_TRANS_YR4_RT,PrivacySuppressed
PELL_COMP_2YR_TRANS_YR4_RT,PrivacySuppressed
PELL_WDRAW_ORIG_YR4_RT,PrivacySuppressed
PELL_WDRAW_4YR_TRANS_YR4_RT,PrivacySuppressed
PELL_WDRAW_2YR_TRANS_YR4_RT,PrivacySuppressed
PELL_ENRL_ORIG_YR4_RT,PrivacySuppressed
PELL_ENRL_4YR_TRANS_YR4_RT,PrivacySuppressed
PELL_ENRL_2YR_TRANS_YR4_RT,PrivacySuppressed
PELL_UNKN_ORIG_YR4_RT,PrivacySuppressed
PELL_UNKN_4YR_TRANS_YR4_RT,PrivacySuppressed
PELL_UNKN_2YR_TRANS_YR4_RT,PrivacySuppressed
NOPELL_DEATH_YR4_RT,PrivacySuppressed
NOPELL_COMP_ORIG_YR4_RT,0.88976378
NOPELL_COMP_4YR_TRANS_YR4_RT,PrivacySuppressed
NOPELL_COMP_2YR_TRANS_YR4_RT,PrivacySuppressed
NOPELL_WDRAW_ORIG_YR4_RT,PrivacySuppressed
NOPELL_WDRAW_4YR_TRANS_YR4_RT,PrivacySuppressed
NOPELL_WDRAW_2YR_TRANS_YR4_RT,PrivacySuppressed
NOPELL_ENRL_ORIG_YR4_RT,PrivacySuppressed
NOPELL_ENRL_4YR_TRANS_YR4_RT,PrivacySuppressed
NOPELL_ENRL_2YR_TRANS_YR4_RT,PrivacySuppressed
NOPELL_UNKN_ORIG_YR4_RT,PrivacySuppressed
NOPELL_UNKN_4YR_TRANS_YR4_RT,PrivacySuppressed
NOPELL_UNKN_2YR_TRANS_YR4_RT,PrivacySuppressed
LOAN_DEATH_YR4_RT,PrivacySuppressed
LOAN_COMP_ORIG_YR4_RT,PrivacySuppressed
LOAN_COMP_4YR_TRANS_YR4_RT,PrivacySuppressed
LOAN_COMP_2YR_TRANS_YR4_RT,PrivacySuppressed
LOAN_WDRAW_ORIG_YR4_RT,PrivacySuppressed
LOAN_WDRAW_4YR_TRANS_YR4_RT,PrivacySuppressed
LOAN_WDRAW_2YR_TRANS_YR4_RT,PrivacySuppressed
LOAN_ENRL_ORIG_YR4_RT,PrivacySuppressed
LOAN_ENRL_4YR_TRANS_YR4_RT,PrivacySuppressed
LOAN_ENRL_2YR_TRANS_YR4_RT,PrivacySuppressed
LOAN_UNKN_ORIG_YR4_RT,PrivacySuppressed
LOAN_UNKN_4YR_TRANS_YR4_RT,PrivacySuppressed
LOAN_UNKN_2YR_TRANS_YR4_RT,PrivacySuppressed
NOLOAN_DEATH_YR4_RT,PrivacySuppressed
NOLOAN_COMP_ORIG_YR4_RT,PrivacySuppressed
NOLOAN_COMP_4YR_TRANS_YR4_RT,PrivacySuppressed
NOLOAN_COMP_2YR_TRANS_YR4_RT,PrivacySuppressed
NOLOAN_WDRAW_ORIG_YR4_RT,PrivacySuppressed
NOLOAN_WDRAW_4YR_TRANS_YR4_RT,PrivacySuppressed
NOLOAN_WDRAW_2YR_TRANS_YR4_RT,PrivacySuppressed
NOLOAN_ENRL_ORIG_YR4_RT,PrivacySuppressed
NOLOAN_ENRL_4YR_TRANS_YR4_RT,PrivacySuppressed
NOLOAN_ENRL_2YR_TRANS_YR4_RT,PrivacySuppressed
NOLOAN_UNKN_ORIG_YR4_RT,PrivacySuppressed
NOLOAN_UNKN_4YR_TRANS_YR4_RT,PrivacySuppressed
NOLOAN_UNKN_2YR_TRANS_YR4_RT,PrivacySuppressed
FIRSTGEN_DEATH_YR4_RT,PrivacySuppressed
FIRSTGEN_COMP_ORIG_YR4_RT,0.702702703
FIRSTGEN_COMP_4YR_TRANS_YR4_RT,PrivacySuppressed
FIRSTGEN_COMP_2YR_TRANS_YR4_RT,PrivacySuppressed
FIRSTGEN_WDRAW_ORIG_YR4_RT,PrivacySuppressed
FIRSTGEN_WDRAW_4YR_TRANS_YR4_RT,PrivacySuppressed
FIRSTGEN_WDRAW_2YR_TRANS_YR4_RT,PrivacySuppressed
FIRSTGEN_ENRL_ORIG_YR4_RT,PrivacySuppressed
FIRSTGEN_ENRL_4YR_TRANS_YR4_RT,PrivacySuppressed
FIRSTGEN_ENRL_2YR_TRANS_YR4_RT,PrivacySuppressed
FIRSTGEN_UNKN_ORIG_YR4_RT,PrivacySuppressed
FIRSTGEN_UNKN_4YR_TRANS_YR4_RT,PrivacySuppressed
FIRSTGEN_UNKN_2YR_TRANS_YR4_RT,PrivacySuppressed
NOT1STGEN_DEATH_YR4_RT,PrivacySuppressed
NOT1STGEN_COMP_ORIG_YR4_RT,0.917159763
NOT1STGEN_COMP_4YR_TRANS_YR4_RT,PrivacySuppressed
NOT1STGEN_COMP_2YR_TRANS_YR4_RT,PrivacySuppressed
NOT1STGEN_WDRAW_ORIG_YR4_RT,PrivacySuppressed
NOT1STGEN_WDRAW_4YR_TRANS_YR4_RT,PrivacySuppressed
NOT1STGEN_WDRAW_2YR_TRANS_YR4_RT,PrivacySuppressed
NOT1STGEN_ENRL_ORIG_YR4_RT,PrivacySuppressed
NOT1STGEN_ENRL_4YR_TRANS_YR4_RT,PrivacySuppressed
NOT1STGEN_ENRL_2YR_TRANS_YR4_RT,PrivacySuppressed
NOT1STGEN_UNKN_ORIG_YR4_RT,PrivacySuppressed
NOT1STGEN_UNKN_4YR_TRANS_YR4_RT,PrivacySuppressed
NOT1STGEN_UNKN_2YR_TRANS_YR4_RT,PrivacySuppressed
DEATH_YR6_RT,PrivacySuppressed
COMP_ORIG_YR6_RT,0.860986547
COMP_4YR_TRANS_YR6_RT,0.044843049
COMP_2YR_TRANS_YR6_RT,PrivacySuppressed
WDRAW_ORIG_YR6_RT,PrivacySuppressed
WDRAW_4YR_TRANS_YR6_RT,PrivacySuppressed
WDRAW_2YR_TRANS_YR6_RT,PrivacySuppressed
ENRL_ORIG_YR6_RT,PrivacySuppressed
ENRL_4YR_TRANS_YR6_RT,PrivacySuppressed
ENRL_2YR_TRANS_YR6_RT,PrivacySuppressed
UNKN_ORIG_YR6_RT,0.044843049
UNKN_4YR_TRANS_YR6_RT,PrivacySuppressed
UNKN_2YR_TRANS_YR6_RT,PrivacySuppressed
LO_INC_DEATH_YR6_RT,PrivacySuppressed
LO_INC_COMP_ORIG_YR6_RT,PrivacySuppressed
LO_INC_COMP_4YR_TRANS_YR6_RT,PrivacySuppressed
LO_INC_COMP_2YR_TRANS_YR6_RT,PrivacySuppressed
LO_INC_WDRAW_ORIG_YR6_RT,PrivacySuppressed
LO_INC_WDRAW_4YR_TRANS_YR6_RT,PrivacySuppressed
LO_INC_WDRAW_2YR_TRANS_YR6_RT,PrivacySuppressed
LO_INC_ENRL_ORIG_YR6_RT,PrivacySuppressed
LO_INC_ENRL_4YR_TRANS_YR6_RT,PrivacySuppressed
LO_INC_ENRL_2YR_TRANS_YR6_RT,PrivacySuppressed
LO_INC_UNKN_ORIG_YR6_RT,PrivacySuppressed
LO_INC_UNKN_4YR_TRANS_YR6_RT,PrivacySuppressed
LO_INC_UNKN_2YR_TRANS_YR6_RT,PrivacySuppressed
MD_INC_DEATH_YR6_RT,PrivacySuppressed
MD_INC_COMP_ORIG_YR6_RT,PrivacySuppressed
MD_INC_COMP_4YR_TRANS_YR6_RT,PrivacySuppressed
MD_INC_COMP_2YR_TRANS_YR6_RT,PrivacySuppressed
MD_INC_WDRAW_ORIG_YR6_RT,PrivacySuppressed
MD_INC_WDRAW_4YR_TRANS_YR6_RT,PrivacySuppressed
MD_INC_WDRAW_2YR_TRANS_YR6_RT,PrivacySuppressed
MD_INC_ENRL_ORIG_YR6_RT,PrivacySuppressed
MD_INC_ENRL_4YR_TRANS_YR6_RT,PrivacySuppressed
MD_INC_ENRL_2YR_TRANS_YR6_RT,PrivacySuppressed
MD_INC_UNKN_ORIG_YR6_RT,PrivacySuppressed
MD_INC_UNKN_4YR_TRANS_YR6_RT,PrivacySuppressed
MD_INC_UNKN_2YR_TRANS_YR6_RT,PrivacySuppressed
HI_INC_DEATH_YR6_RT,PrivacySuppressed
HI_INC_COMP_ORIG_YR6_RT,0.892561984
HI_INC_COMP_4YR_TRANS_YR6_RT,PrivacySuppressed
HI_INC_COMP_2YR_TRANS_YR6_RT,PrivacySuppressed
HI_INC_WDRAW_ORIG_YR6_RT,PrivacySuppressed
HI_INC_WDRAW_4YR_TRANS_YR6_RT,PrivacySuppressed
HI_INC_WDRAW_2YR_TRANS_YR6_RT,PrivacySuppressed
HI_INC_ENRL_ORIG_YR6_RT,PrivacySuppressed
HI_INC_ENRL_4YR_TRANS_YR6_RT,PrivacySuppressed
HI_INC_ENRL_2YR_TRANS_YR6_RT,PrivacySuppressed
HI_INC_UNKN_ORIG_YR6_RT,PrivacySuppressed
HI_INC_UNKN_4YR_TRANS_YR6_RT,PrivacySuppressed
HI_INC_UNKN_2YR_TRANS_YR6_RT,PrivacySuppressed
DEP_DEATH_YR6_RT,PrivacySuppressed
DEP_COMP_ORIG_YR6_RT,PrivacySuppressed
DEP_COMP_4YR_TRANS_YR6_RT,PrivacySuppressed
DEP_COMP_2YR_TRANS_YR6_RT,PrivacySuppressed
DEP_WDRAW_ORIG_YR6_RT,PrivacySuppressed
DEP_WDRAW_4YR_TRANS_YR6_RT,PrivacySuppressed
DEP_WDRAW_2YR_TRANS_YR6_RT,PrivacySuppressed
DEP_ENRL_ORIG_YR6_RT,PrivacySuppressed
DEP_ENRL_4YR_TRANS_YR6_RT,PrivacySuppressed
DEP_ENRL_2YR_TRANS_YR6_RT,PrivacySuppressed
DEP_UNKN_ORIG_YR6_RT,PrivacySuppressed
DEP_UNKN_4YR_TRANS_YR6_RT,PrivacySuppressed
DEP_UNKN_2YR_TRANS_YR6_RT,PrivacySuppressed
IND_DEATH_YR6_RT,PrivacySuppressed
IND_COMP_ORIG_YR6_RT,PrivacySuppressed
IND_COMP_4YR_TRANS_YR6_RT,PrivacySuppressed
IND_COMP_2YR_TRANS_YR6_RT,PrivacySuppressed
IND_WDRAW_ORIG_YR6_RT,PrivacySuppressed
IND_WDRAW_4YR_TRANS_YR6_RT,PrivacySuppressed
IND_WDRAW_2YR_TRANS_YR6_RT,PrivacySuppressed
IND_ENRL_ORIG_YR6_RT,PrivacySuppressed
IND_ENRL_4YR_TRANS_YR6_RT,PrivacySuppressed
IND_ENRL_2YR_TRANS_YR6_RT,PrivacySuppressed
IND_UNKN_ORIG_YR6_RT,PrivacySuppressed
IND_UNKN_4YR_TRANS_YR6_RT,PrivacySuppressed
IND_UNKN_2YR_TRANS_YR6_RT,PrivacySuppressed
FEMALE_DEATH_YR6_RT,PrivacySuppressed
FEMALE_COMP_ORIG_YR6_RT,0.866071429
FEMALE_COMP_4YR_TRANS_YR6_RT,PrivacySuppressed
FEMALE_COMP_2YR_TRANS_YR6_RT,PrivacySuppressed
FEMALE_WDRAW_ORIG_YR6_RT,PrivacySuppressed
FEMALE_WDRAW_4YR_TRANS_YR6_RT,PrivacySuppressed
FEMALE_WDRAW_2YR_TRANS_YR6_RT,PrivacySuppressed
FEMALE_ENRL_ORIG_YR6_RT,PrivacySuppressed
FEMALE_ENRL_4YR_TRANS_YR6_RT,PrivacySuppressed
FEMALE_ENRL_2YR_TRANS_YR6_RT,PrivacySuppressed
FEMALE_UNKN_ORIG_YR6_RT,PrivacySuppressed
FEMALE_UNKN_4YR_TRANS_YR6_RT,PrivacySuppressed
FEMALE_UNKN_2YR_TRANS_YR6_RT,PrivacySuppressed
MALE_DEATH_YR6_RT,PrivacySuppressed
MALE_COMP_ORIG_YR6_RT,0.855855856
MALE_COMP_4YR_TRANS_YR6_RT,PrivacySuppressed
MALE_COMP_2YR_TRANS_YR6_RT,PrivacySuppressed
MALE_WDRAW_ORIG_YR6_RT,PrivacySuppressed
MALE_WDRAW_4YR_TRANS_YR6_RT,PrivacySuppressed
MALE_WDRAW_2YR_TRANS_YR6_RT,PrivacySuppressed
MALE_ENRL_ORIG_YR6_RT,PrivacySuppressed
MALE_ENRL_4YR_TRANS_YR6_RT,PrivacySuppressed
MALE_ENRL_2YR_TRANS_YR6_RT,PrivacySuppressed
MALE_UNKN_ORIG_YR6_RT,PrivacySuppressed
MALE_UNKN_4YR_TRANS_YR6_RT,PrivacySuppressed
MALE_UNKN_2YR_TRANS_YR6_RT,PrivacySuppressed
PELL_DEATH_YR6_RT,PrivacySuppressed
PELL_COMP_ORIG_YR6_RT,0.852272727
PELL_COMP_4YR_TRANS_YR6_RT,PrivacySuppressed
PELL_COMP_2YR_TRANS_YR6_RT,PrivacySuppressed
PELL_WDRAW_ORIG_YR6_RT,PrivacySuppressed
PELL_WDRAW_4YR_TRANS_YR6_RT,PrivacySuppressed
PELL_WDRAW_2YR_TRANS_YR6_RT,PrivacySuppressed
PELL_ENRL_ORIG_YR6_RT,PrivacySuppressed
PELL_ENRL_4YR_TRANS_YR6_RT,PrivacySuppressed
PELL_ENRL_2YR_TRANS_YR6_RT,PrivacySuppressed
PELL_UNKN_ORIG_YR6_RT,PrivacySuppressed
PELL_UNKN_4YR_TRANS_YR6_RT,PrivacySuppressed
PELL_UNKN_2YR_TRANS_YR6_RT,PrivacySuppressed
NOPELL_DEATH_YR6_RT,PrivacySuppressed
NOPELL_COMP_ORIG_YR6_RT,0.866666667
NOPELL_COMP_4YR_TRANS_YR6_RT,PrivacySuppressed
NOPELL_COMP_2YR_TRANS_YR6_RT,PrivacySuppressed
NOPELL_WDRAW_ORIG_YR6_RT,PrivacySuppressed
NOPELL_WDRAW_4YR_TRANS_YR6_RT,PrivacySuppressed
NOPELL_WDRAW_2YR_TRANS_YR6_RT,PrivacySuppressed
NOPELL_ENRL_ORIG_YR6_RT,PrivacySuppressed
NOPELL_ENRL_4YR_TRANS_YR6_RT,PrivacySuppressed
NOPELL_ENRL_2YR_TRANS_YR6_RT,PrivacySuppressed
NOPELL_UNKN_ORIG_YR6_RT,PrivacySuppressed
NOPELL_UNKN_4YR_TRANS_YR6_RT,PrivacySuppressed
NOPELL_UNKN_2YR_TRANS_YR6_RT,PrivacySuppressed
LOAN_DEATH_YR6_RT,PrivacySuppressed
LOAN_COMP_ORIG_YR6_RT,PrivacySuppressed
LOAN_COMP_4YR_TRANS_YR6_RT,PrivacySuppressed
LOAN_COMP_2YR_TRANS_YR6_RT,PrivacySuppressed
LOAN_WDRAW_ORIG_YR6_RT,PrivacySuppressed
LOAN_WDRAW_4YR_TRANS_YR6_RT,PrivacySuppressed
LOAN_WDRAW_2YR_TRANS_YR6_RT,PrivacySuppressed
LOAN_ENRL_ORIG_YR6_RT,PrivacySuppressed
LOAN_ENRL_4YR_TRANS_YR6_RT,PrivacySuppressed
LOAN_ENRL_2YR_TRANS_YR6_RT,PrivacySuppressed
LOAN_UNKN_ORIG_YR6_RT,PrivacySuppressed
LOAN_UNKN_4YR_TRANS_YR6_RT,PrivacySuppressed
LOAN_UNKN_2YR_TRANS_YR6_RT,PrivacySuppressed
NOLOAN_DEATH_YR6_RT,PrivacySuppressed
NOLOAN_COMP_ORIG_YR6_RT,PrivacySuppressed
NOLOAN_COMP_4YR_TRANS_YR6_RT,PrivacySuppressed
NOLOAN_COMP_2YR_TRANS_YR6_RT,PrivacySuppressed
NOLOAN_WDRAW_ORIG_YR6_RT,PrivacySuppressed
NOLOAN_WDRAW_4YR_TRANS_YR6_RT,PrivacySuppressed
NOLOAN_WDRAW_2YR_TRANS_YR6_RT,PrivacySuppressed
NOLOAN_ENRL_ORIG_YR6_RT,PrivacySuppressed
NOLOAN_ENRL_4YR_TRANS_YR6_RT,PrivacySuppressed
NOLOAN_ENRL_2YR_TRANS_YR6_RT,PrivacySuppressed
NOLOAN_UNKN_ORIG_YR6_RT,PrivacySuppressed
NOLOAN_UNKN_4YR_TRANS_YR6_RT,PrivacySuppressed
NOLOAN_UNKN_2YR_TRANS_YR6_RT,PrivacySuppressed
FIRSTGEN_DEATH_YR6_RT,PrivacySuppressed
FIRSTGEN_COMP_ORIG_YR6_RT,PrivacySuppressed
FIRSTGEN_COMP_4YR_TRANS_YR6_RT,PrivacySuppressed
FIRSTGEN_COMP_2YR_TRANS_YR6_RT,PrivacySuppressed
FIRSTGEN_WDRAW_ORIG_YR6_RT,PrivacySuppressed
FIRSTGEN_WDRAW_4YR_TRANS_YR6_RT,PrivacySuppressed
FIRSTGEN_WDRAW_2YR_TRANS_YR6_RT,PrivacySuppressed
FIRSTGEN_ENRL_ORIG_YR6_RT,PrivacySuppressed
FIRSTGEN_ENRL_4YR_TRANS_YR6_RT,PrivacySuppressed
FIRSTGEN_ENRL_2YR_TRANS_YR6_RT,PrivacySuppressed
FIRSTGEN_UNKN_ORIG_YR6_RT,PrivacySuppressed
FIRSTGEN_UNKN_4YR_TRANS_YR6_RT,PrivacySuppressed
FIRSTGEN_UNKN_2YR_TRANS_YR6_RT,PrivacySuppressed
NOT1STGEN_DEATH_YR6_RT,PrivacySuppressed
NOT1STGEN_COMP_ORIG_YR6_RT,PrivacySuppressed
NOT1STGEN_COMP_4YR_TRANS_YR6_RT,PrivacySuppressed
NOT1STGEN_COMP_2YR_TRANS_YR6_RT,PrivacySuppressed
NOT1STGEN_WDRAW_ORIG_YR6_RT,PrivacySuppressed
NOT1STGEN_WDRAW_4YR_TRANS_YR6_RT,PrivacySuppressed
NOT1STGEN_WDRAW_2YR_TRANS_YR6_RT,PrivacySuppressed
NOT1STGEN_ENRL_ORIG_YR6_RT,PrivacySuppressed
NOT1STGEN_ENRL_4YR_TRANS_YR6_RT,PrivacySuppressed
NOT1STGEN_ENRL_2YR_TRANS_YR6_RT,PrivacySuppressed
NOT1STGEN_UNKN_ORIG_YR6_RT,PrivacySuppressed
NOT1STGEN_UNKN_4YR_TRANS_YR6_RT,PrivacySuppressed
NOT1STGEN_UNKN_2YR_TRANS_YR6_RT,PrivacySuppressed
DEATH_YR8_RT,PrivacySuppressed
COMP_ORIG_YR8_RT,0.815
COMP_4YR_TRANS_YR8_RT,0.05
COMP_2YR_TRANS_YR8_RT,PrivacySuppressed
WDRAW_ORIG_YR8_RT,PrivacySuppressed
WDRAW_4YR_TRANS_YR8_RT,PrivacySuppressed
WDRAW_2YR_TRANS_YR8_RT,PrivacySuppressed
ENRL_ORIG_YR8_RT,PrivacySuppressed
ENRL_4YR_TRANS_YR8_RT,PrivacySuppressed
ENRL_2YR_TRANS_YR8_RT,PrivacySuppressed
UNKN_ORIG_YR8_RT,0.07
UNKN_4YR_TRANS_YR8_RT,PrivacySuppressed
UNKN_2YR_TRANS_YR8_RT,PrivacySuppressed
LO_INC_DEATH_YR8_RT,PrivacySuppressed
LO_INC_COMP_ORIG_YR8_RT,0.636363636
LO_INC_COMP_4YR_TRANS_YR8_RT,PrivacySuppressed
LO_INC_COMP_2YR_TRANS_YR8_RT,PrivacySuppressed
LO_INC_WDRAW_ORIG_YR8_RT,PrivacySuppressed
LO_INC_WDRAW_4YR_TRANS_YR8_RT,PrivacySuppressed
LO_INC_WDRAW_2YR_TRANS_YR8_RT,PrivacySuppressed
LO_INC_ENRL_ORIG_YR8_RT,PrivacySuppressed
LO_INC_ENRL_4YR_TRANS_YR8_RT,PrivacySuppressed
LO_INC_ENRL_2YR_TRANS_YR8_RT,PrivacySuppressed
LO_INC_UNKN_ORIG_YR8_RT,PrivacySuppressed
LO_INC_UNKN_4YR_TRANS_YR8_RT,PrivacySuppressed
LO_INC_UNKN_2YR_TRANS_YR8_RT,PrivacySuppressed
MD_INC_DEATH_YR8_RT,PrivacySuppressed
MD_INC_COMP_ORIG_YR8_RT,0.762711864
MD_INC_COMP_4YR_TRANS_YR8_RT,PrivacySuppressed
MD_INC_COMP_2YR_TRANS_YR8_RT,PrivacySuppressed
MD_INC_WDRAW_ORIG_YR8_RT,PrivacySuppressed
MD_INC_WDRAW_4YR_TRANS_YR8_RT,PrivacySuppressed
MD_INC_WDRAW_2YR_TRANS_YR8_RT,PrivacySuppressed
MD_INC_ENRL_ORIG_YR8_RT,PrivacySuppressed
MD_INC_ENRL_4YR_TRANS_YR8_RT,PrivacySuppressed
MD_INC_ENRL_2YR_TRANS_YR8_RT,PrivacySuppressed
MD_INC_UNKN_ORIG_YR8_RT,PrivacySuppressed
MD_INC_UNKN_4YR_TRANS_YR8_RT,PrivacySuppressed
MD_INC_UNKN_2YR_TRANS_YR8_RT,PrivacySuppressed
HI_INC_DEATH_YR8_RT,PrivacySuppressed
HI_INC_COMP_ORIG_YR8_RT,0.898148148
HI_INC_COMP_4YR_TRANS_YR8_RT,PrivacySuppressed
HI_INC_COMP_2YR_TRANS_YR8_RT,PrivacySuppressed
HI_INC_WDRAW_ORIG_YR8_RT,PrivacySuppressed
HI_INC_WDRAW_4YR_TRANS_YR8_RT,PrivacySuppressed
HI_INC_WDRAW_2YR_TRANS_YR8_RT,PrivacySuppressed
HI_INC_ENRL_ORIG_YR8_RT,PrivacySuppressed
HI_INC_ENRL_4YR_TRANS_YR8_RT,PrivacySuppressed
HI_INC_ENRL_2YR_TRANS_YR8_RT,PrivacySuppressed
HI_INC_UNKN_ORIG_YR8_RT,PrivacySuppressed
HI_INC_UNKN_4YR_TRANS_YR8_RT,PrivacySuppressed
HI_INC_UNKN_2YR_TRANS_YR8_RT,PrivacySuppressed
DEP_DEATH_YR8_RT,PrivacySuppressed
DEP_COMP_ORIG_YR8_RT,PrivacySuppressed
DEP_COMP_4YR_TRANS_YR8_RT,PrivacySuppressed
DEP_COMP_2YR_TRANS_YR8_RT,PrivacySuppressed
DEP_WDRAW_ORIG_YR8_RT,PrivacySuppressed
DEP_WDRAW_4YR_TRANS_YR8_RT,PrivacySuppressed
DEP_WDRAW_2YR_TRANS_YR8_RT,PrivacySuppressed
DEP_ENRL_ORIG_YR8_RT,PrivacySuppressed
DEP_ENRL_4YR_TRANS_YR8_RT,PrivacySuppressed
DEP_ENRL_2YR_TRANS_YR8_RT,PrivacySuppressed
DEP_UNKN_ORIG_YR8_RT,PrivacySuppressed
DEP_UNKN_4YR_TRANS_YR8_RT,PrivacySuppressed
DEP_UNKN_2YR_TRANS_YR8_RT,PrivacySuppressed
IND_DEATH_YR8_RT,PrivacySuppressed
IND_COMP_ORIG_YR8_RT,PrivacySuppressed
IND_COMP_4YR_TRANS_YR8_RT,PrivacySuppressed
IND_COMP_2YR_TRANS_YR8_RT,PrivacySuppressed
IND_WDRAW_ORIG_YR8_RT,PrivacySuppressed
IND_WDRAW_4YR_TRANS_YR8_RT,PrivacySuppressed
IND_WDRAW_2YR_TRANS_YR8_RT,PrivacySuppressed
IND_ENRL_ORIG_YR8_RT,PrivacySuppressed
IND_ENRL_4YR_TRANS_YR8_RT,PrivacySuppressed
IND_ENRL_2YR_TRANS_YR8_RT,PrivacySuppressed
IND_UNKN_ORIG_YR8_RT,PrivacySuppressed
IND_UNKN_4YR_TRANS_YR8_RT,PrivacySuppressed
IND_UNKN_2YR_TRANS_YR8_RT,PrivacySuppressed
FEMALE_DEATH_YR8_RT,PrivacySuppressed
FEMALE_COMP_ORIG_YR8_RT,0.811965812
FEMALE_COMP_4YR_TRANS_YR8_RT,PrivacySuppressed
FEMALE_COMP_2YR_TRANS_YR8_RT,PrivacySuppressed
FEMALE_WDRAW_ORIG_YR8_RT,PrivacySuppressed
FEMALE_WDRAW_4YR_TRANS_YR8_RT,PrivacySuppressed
FEMALE_WDRAW_2YR_TRANS_YR8_RT,PrivacySuppressed
FEMALE_ENRL_ORIG_YR8_RT,PrivacySuppressed
FEMALE_ENRL_4YR_TRANS_YR8_RT,PrivacySuppressed
FEMALE_ENRL_2YR_TRANS_YR8_RT,PrivacySuppressed
FEMALE_UNKN_ORIG_YR8_RT,PrivacySuppressed
FEMALE_UNKN_4YR_TRANS_YR8_RT,PrivacySuppressed
FEMALE_UNKN_2YR_TRANS_YR8_RT,PrivacySuppressed
MALE_DEATH_YR8_RT,PrivacySuppressed
MALE_COMP_ORIG_YR8_RT,0.819277108
MALE_COMP_4YR_TRANS_YR8_RT,PrivacySuppressed
MALE_COMP_2YR_TRANS_YR8_RT,PrivacySuppressed
MALE_WDRAW_ORIG_YR8_RT,PrivacySuppressed
MALE_WDRAW_4YR_TRANS_YR8_RT,PrivacySuppressed
MALE_WDRAW_2YR_TRANS_YR8_RT,PrivacySuppressed
MALE_ENRL_ORIG_YR8_RT,PrivacySuppressed
MALE_ENRL_4YR_TRANS_YR8_RT,PrivacySuppressed
MALE_ENRL_2YR_TRANS_YR8_RT,PrivacySuppressed
MALE_UNKN_ORIG_YR8_RT,PrivacySuppressed
MALE_UNKN_4YR_TRANS_YR8_RT,PrivacySuppressed
MALE_UNKN_2YR_TRANS_YR8_RT,PrivacySuppressed
PELL_DEATH_YR8_RT,PrivacySuppressed
PELL_COMP_ORIG_YR8_RT,0.681818182
PELL_COMP_4YR_TRANS_YR8_RT,PrivacySuppressed
PELL_COMP_2YR_TRANS_YR8_RT,PrivacySuppressed
PELL_WDRAW_ORIG_YR8_RT,PrivacySuppressed
PELL_WDRAW_4YR_TRANS_YR8_RT,PrivacySuppressed
PELL_WDRAW_2YR_TRANS_YR8_RT,PrivacySuppressed
PELL_ENRL_ORIG_YR8_RT,PrivacySuppressed
PELL_ENRL_4YR_TRANS_YR8_RT,PrivacySuppressed
PELL_ENRL_2YR_TRANS_YR8_RT,PrivacySuppressed
PELL_UNKN_ORIG_YR8_RT,PrivacySuppressed
PELL_UNKN_4YR_TRANS_YR8_RT,PrivacySuppressed
PELL_UNKN_2YR_TRANS_YR8_RT,PrivacySuppressed
NOPELL_DEATH_YR8_RT,PrivacySuppressed
NOPELL_COMP_ORIG_YR8_RT,0.880597015
NOPELL_COMP_4YR_TRANS_YR8_RT,PrivacySuppressed
NOPELL_COMP_2YR_TRANS_YR8_RT,PrivacySuppressed
NOPELL_WDRAW_ORIG_YR8_RT,PrivacySuppressed
NOPELL_WDRAW_4YR_TRANS_YR8_RT,PrivacySuppressed
NOPELL_WDRAW_2YR_TRANS_YR8_RT,PrivacySuppressed
NOPELL_ENRL_ORIG_YR8_RT,PrivacySuppressed
NOPELL_ENRL_4YR_TRANS_YR8_RT,PrivacySuppressed
NOPELL_ENRL_2YR_TRANS_YR8_RT,PrivacySuppressed
NOPELL_UNKN_ORIG_YR8_RT,PrivacySuppressed
NOPELL_UNKN_4YR_TRANS_YR8_RT,PrivacySuppressed
NOPELL_UNKN_2YR_TRANS_YR8_RT,PrivacySuppressed
LOAN_DEATH_YR8_RT,PrivacySuppressed
LOAN_COMP_ORIG_YR8_RT,PrivacySuppressed
LOAN_COMP_4YR_TRANS_YR8_RT,PrivacySuppressed
LOAN_COMP_2YR_TRANS_YR8_RT,PrivacySuppressed
LOAN_WDRAW_ORIG_YR8_RT,PrivacySuppressed
LOAN_WDRAW_4YR_TRANS_YR8_RT,PrivacySuppressed
LOAN_WDRAW_2YR_TRANS_YR8_RT,PrivacySuppressed
LOAN_ENRL_ORIG_YR8_RT,PrivacySuppressed
LOAN_ENRL_4YR_TRANS_YR8_RT,PrivacySuppressed
LOAN_ENRL_2YR_TRANS_YR8_RT,PrivacySuppressed
LOAN_UNKN_ORIG_YR8_RT,PrivacySuppressed
LOAN_UNKN_4YR_TRANS_YR8_RT,PrivacySuppressed
LOAN_UNKN_2YR_TRANS_YR8_RT,PrivacySuppressed
NOLOAN_DEATH_YR8_RT,PrivacySuppressed
NOLOAN_COMP_ORIG_YR8_RT,PrivacySuppressed
NOLOAN_COMP_4YR_TRANS_YR8_RT,PrivacySuppressed
NOLOAN_COMP_2YR_TRANS_YR8_RT,PrivacySuppressed
NOLOAN_WDRAW_ORIG_YR8_RT,PrivacySuppressed
NOLOAN_WDRAW_4YR_TRANS_YR8_RT,PrivacySuppressed
NOLOAN_WDRAW_2YR_TRANS_YR8_RT,PrivacySuppressed
NOLOAN_ENRL_ORIG_YR8_RT,PrivacySuppressed
NOLOAN_ENRL_4YR_TRANS_YR8_RT,PrivacySuppressed
NOLOAN_ENRL_2YR_TRANS_YR8_RT,PrivacySuppressed
NOLOAN_UNKN_ORIG_YR8_RT,PrivacySuppressed
NOLOAN_UNKN_4YR_TRANS_YR8_RT,PrivacySuppressed
NOLOAN_UNKN_2YR_TRANS_YR8_RT,PrivacySuppressed
FIRSTGEN_DEATH_YR8_RT,PrivacySuppressed
FIRSTGEN_COMP_ORIG_YR8_RT,PrivacySuppressed
FIRSTGEN_COMP_4YR_TRANS_YR8_RT,PrivacySuppressed
FIRSTGEN_COMP_2YR_TRANS_YR8_RT,PrivacySuppressed
FIRSTGEN_WDRAW_ORIG_YR8_RT,PrivacySuppressed
FIRSTGEN_WDRAW_4YR_TRANS_YR8_RT,PrivacySuppressed
FIRSTGEN_WDRAW_2YR_TRANS_YR8_RT,PrivacySuppressed
FIRSTGEN_ENRL_ORIG_YR8_RT,PrivacySuppressed
FIRSTGEN_ENRL_4YR_TRANS_YR8_RT,PrivacySuppressed
FIRSTGEN_ENRL_2YR_TRANS_YR8_RT,PrivacySuppressed
FIRSTGEN_UNKN_ORIG_YR8_RT,PrivacySuppressed
FIRSTGEN_UNKN_4YR_TRANS_YR8_RT,PrivacySuppressed
FIRSTGEN_UNKN_2YR_TRANS_YR8_RT,PrivacySuppressed
NOT1STGEN_DEATH_YR8_RT,PrivacySuppressed
NOT1STGEN_COMP_ORIG_YR8_RT,PrivacySuppressed
NOT1STGEN_COMP_4YR_TRANS_YR8_RT,PrivacySuppressed
NOT1STGEN_COMP_2YR_TRANS_YR8_RT,PrivacySuppressed
NOT1STGEN_WDRAW_ORIG_YR8_RT,PrivacySuppressed
NOT1STGEN_WDRAW_4YR_TRANS_YR8_RT,PrivacySuppressed
NOT1STGEN_WDRAW_2YR_TRANS_YR8_RT,PrivacySuppressed
NOT1STGEN_ENRL_ORIG_YR8_RT,PrivacySuppressed
NOT1STGEN_ENRL_4YR_TRANS_YR8_RT,PrivacySuppressed
NOT1STGEN_ENRL_2YR_TRANS_YR8_RT,PrivacySuppressed
NOT1STGEN_UNKN_ORIG_YR8_RT,PrivacySuppressed
NOT1STGEN_UNKN_4YR_TRANS_YR8_RT,PrivacySuppressed
NOT1STGEN_UNKN_2YR_TRANS_YR8_RT,PrivacySuppressed
RPY_1YR_RT,0.911347518
COMPL_RPY_1YR_RT,PrivacySuppressed
NONCOM_RPY_1YR_RT,PrivacySuppressed
LO_INC_RPY_1YR_RT,PrivacySuppressed
MD_INC_RPY_1YR_RT,PrivacySuppressed
HI_INC_RPY_1YR_RT,0.929411765
DEP_RPY_1YR_RT,PrivacySuppressed
IND_RPY_1YR_RT,PrivacySuppressed
PELL_RPY_1YR_RT,PrivacySuppressed
NOPELL_RPY_1YR_RT,PrivacySuppressed
FEMALE_RPY_1YR_RT,PrivacySuppressed
MALE_RPY_1YR_RT,PrivacySuppressed
FIRSTGEN_RPY_1YR_RT,PrivacySuppressed
NOTFIRSTGEN_RPY_1YR_RT,PrivacySuppressed
RPY_3YR_RT,0.923875433
COMPL_RPY_3YR_RT,PrivacySuppressed
NONCOM_RPY_3YR_RT,PrivacySuppressed
LO_INC_RPY_3YR_RT,PrivacySuppressed
MD_INC_RPY_3YR_RT,0.860465116
HI_INC_RPY_3YR_RT,PrivacySuppressed
DEP_RPY_3YR_RT,PrivacySuppressed
IND_RPY_3YR_RT,PrivacySuppressed
PELL_RPY_3YR_RT,0.872340426
NOPELL_RPY_3YR_RT,0.948717949
FEMALE_RPY_3YR_RT,0.922535211
MALE_RPY_3YR_RT,0.925170068
FIRSTGEN_RPY_3YR_RT,PrivacySuppressed
NOTFIRSTGEN_RPY_3YR_RT,PrivacySuppressed
RPY_5YR_RT,0.918918919
COMPL_RPY_5YR_RT,0.943573668
NONCOM_RPY_5YR_RT,0.764705882
LO_INC_RPY_5YR_RT,PrivacySuppressed
MD_INC_RPY_5YR_RT,PrivacySuppressed
HI_INC_RPY_5YR_RT,0.923076923
DEP_RPY_5YR_RT,PrivacySuppressed
IND_RPY_5YR_RT,PrivacySuppressed
PELL_RPY_5YR_RT,0.889830509
NOPELL_RPY_5YR_RT,0.932539683
FEMALE_RPY_5YR_RT,0.939698493
MALE_RPY_5YR_RT,0.894736842
FIRSTGEN_RPY_5YR_RT,PrivacySuppressed
NOTFIRSTGEN_RPY_5YR_RT,PrivacySuppressed
RPY_7YR_RT,0.936507937
COMPL_RPY_7YR_RT,PrivacySuppressed
NONCOM_RPY_7YR_RT,PrivacySuppressed
LO_INC_RPY_7YR_RT,PrivacySuppressed
MD_INC_RPY_7YR_RT,PrivacySuppressed
HI_INC_RPY_7YR_RT,0.933774834
DEP_RPY_7YR_RT,PrivacySuppressed
IND_RPY_7YR_RT,PrivacySuppressed
PELL_RPY_7YR_RT,PrivacySuppressed
NOPELL_RPY_7YR_RT,PrivacySuppressed
FEMALE_RPY_7YR_RT,0.940476191
MALE_RPY_7YR_RT,0.931972789
FIRSTGEN_RPY_7YR_RT,PrivacySuppressed
NOTFIRSTGEN_RPY_7YR_RT,PrivacySuppressed
INC_PCT_LO,0.200542005
DEP_STAT_PCT_IND,PrivacySuppressed
DEP_INC_PCT_LO,PrivacySuppressed
IND_INC_PCT_LO,PrivacySuppressed
PAR_ED_PCT_1STGEN,0.162393162
INC_PCT_M1,0.124661247
INC_PCT_M2,0.149051491
INC_PCT_H1,0.176151762
INC_PCT_H2,0.349593496
DEP_INC_PCT_M1,PrivacySuppressed
DEP_INC_PCT_M2,PrivacySuppressed
DEP_INC_PCT_H1,PrivacySuppressed
DEP_INC_PCT_H2,PrivacySuppressed
IND_INC_PCT_M1,PrivacySuppressed
IND_INC_PCT_M2,PrivacySuppressed
IND_INC_PCT_H1,PrivacySuppressed
IND_INC_PCT_H2,PrivacySuppressed
PAR_ED_PCT_MS,0.028490029
PAR_ED_PCT_HS,0.133903134
PAR_ED_PCT_PS,0.837606838
APPL_SCH_PCT_GE2,PrivacySuppressed
APPL_SCH_PCT_GE3,PrivacySuppressed
APPL_SCH_PCT_GE4,PrivacySuppressed
APPL_SCH_PCT_GE5,0.604336043
DEP_INC_AVG,PrivacySuppressed
IND_INC_AVG,PrivacySuppressed
OVERALL_YR2_N,217
LO_INC_YR2_N,38
MD_INC_YR2_N,56
HI_INC_YR2_N,123
DEP_YR2_N,PrivacySuppressed
IND_YR2_N,PrivacySuppressed
FEMALE_YR2_N,112
MALE_YR2_N,105
PELL_YR2_N,90
NOPELL_YR2_N,127
LOAN_YR2_N,205
NOLOAN_YR2_N,12
FIRSTGEN_YR2_N,35
NOT1STGEN_YR2_N,182
OVERALL_YR3_N,230
LO_INC_YR3_N,31
MD_INC_YR3_N,67
HI_INC_YR3_N,132
DEP_YR3_N,PrivacySuppressed
IND_YR3_N,PrivacySuppressed
FEMALE_YR3_N,120
MALE_YR3_N,110
PELL_YR3_N,88
NOPELL_YR3_N,142
LOAN_YR3_N,215
NOLOAN_YR3_N,15
FIRSTGEN_YR3_N,34
NOT1STGEN_YR3_N,196
OVERALL_YR4_N,206
LO_INC_YR4_N,36
MD_INC_YR4_N,56
HI_INC_YR4_N,114
DEP_YR4_N,PrivacySuppressed
IND_YR4_N,PrivacySuppressed
FEMALE_YR4_N,105
MALE_YR4_N,101
PELL_YR4_N,79
NOPELL_YR4_N,127
LOAN_YR4_N,189
NOLOAN_YR4_N,17
FIRSTGEN_YR4_N,37
NOT1STGEN_YR4_N,169
OVERALL_YR6_N,223
LO_INC_YR6_N,37
MD_INC_YR6_N,65
HI_INC_YR6_N,121
DEP_YR6_N,PrivacySuppressed
IND_YR6_N,PrivacySuppressed
FEMALE_YR6_N,112
MALE_YR6_N,111
PELL_YR6_N,88
NOPELL_YR6_N,135
LOAN_YR6_N,197
NOLOAN_YR6_N,26
FIRSTGEN_YR6_N,25
NOT1STGEN_YR6_N,198
OVERALL_YR8_N,200
LO_INC_YR8_N,33
MD_INC_YR8_N,59
HI_INC_YR8_N,108
DEP_YR8_N,PrivacySuppressed
IND_YR8_N,PrivacySuppressed
FEMALE_YR8_N,117
MALE_YR8_N,83
PELL_YR8_N,66
NOPELL_YR8_N,134
LOAN_YR8_N,PrivacySuppressed
NOLOAN_YR8_N,PrivacySuppressed
FIRSTGEN_YR8_N,31
NOT1STGEN_YR8_N,169
DEBT_MDN,18730
GRAD_DEBT_MDN,19500
WDRAW_DEBT_MDN,9982
LO_INC_DEBT_MDN,14904.5
MD_INC_DEBT_MDN,19766.5
HI_INC_DEBT_MDN,18687
DEP_DEBT_MDN,PrivacySuppressed
IND_DEBT_MDN,PrivacySuppressed
PELL_DEBT_MDN,19992
NOPELL_DEBT_MDN,18000
FEMALE_DEBT_MDN,19000
MALE_DEBT_MDN,18700.5
FIRSTGEN_DEBT_MDN,18409
NOTFIRSTGEN_DEBT_MDN,18798
DEBT_N,411
GRAD_DEBT_N,359
WDRAW_DEBT_N,53
LO_INC_DEBT_N,60
MD_INC_DEBT_N,106
HI_INC_DEBT_N,245
DEP_DEBT_N,401
IND_DEBT_N,10
PELL_DEBT_N,148
NOPELL_DEBT_N,263
FEMALE_DEBT_N,203
MALE_DEBT_N,208
FIRSTGEN_DEBT_N,47
NOTFIRSTGEN_DEBT_N,364
GRAD_DEBT_MDN10YR,201.6252347
CUML_DEBT_N,411
CUML_DEBT_P90,27000
CUML_DEBT_P75,23350
CUML_DEBT_P25,11000
CUML_DEBT_P10,6000
INC_N,369
DEP_INC_N,PrivacySuppressed
IND_INC_N,PrivacySuppressed
DEP_STAT_N,369
PAR_ED_N,351
APPL_SCH_N,369
REPAY_DT_MDN,12/31/99
SEPAR_DT_MDN,12/31/99
REPAY_DT_N,374
SEPAR_DT_N,405
RPY_1YR_N,282
COMPL_RPY_1YR_N,255
NONCOM_RPY_1YR_N,27
LO_INC_RPY_1YR_N,33
MD_INC_RPY_1YR_N,79
HI_INC_RPY_1YR_N,170
DEP_RPY_1YR_N,PrivacySuppressed
IND_RPY_1YR_N,PrivacySuppressed
PELL_RPY_1YR_N,86
NOPELL_RPY_1YR_N,196
FEMALE_RPY_1YR_N,134
MALE_RPY_1YR_N,148
FIRSTGEN_RPY_1YR_N,28
NOTFIRSTGEN_RPY_1YR_N,254
RPY_3YR_N,289
COMPL_RPY_3YR_N,258
NONCOM_RPY_3YR_N,31
LO_INC_RPY_3YR_N,32
MD_INC_RPY_3YR_N,86
HI_INC_RPY_3YR_N,171
DEP_RPY_3YR_N,PrivacySuppressed
IND_RPY_3YR_N,PrivacySuppressed
PELL_RPY_3YR_N,94
NOPELL_RPY_3YR_N,195
FEMALE_RPY_3YR_N,142
MALE_RPY_3YR_N,147
FIRSTGEN_RPY_3YR_N,30
NOTFIRSTGEN_RPY_3YR_N,259
RPY_5YR_N,370
COMPL_RPY_5YR_N,319
NONCOM_RPY_5YR_N,51
LO_INC_RPY_5YR_N,54
MD_INC_RPY_5YR_N,121
HI_INC_RPY_5YR_N,195
DEP_RPY_5YR_N,PrivacySuppressed
IND_RPY_5YR_N,PrivacySuppressed
PELL_RPY_5YR_N,118
NOPELL_RPY_5YR_N,252
FEMALE_RPY_5YR_N,199
MALE_RPY_5YR_N,171
FIRSTGEN_RPY_5YR_N,42
NOTFIRSTGEN_RPY_5YR_N,328
RPY_7YR_N,315
COMPL_RPY_7YR_N,277
NONCOM_RPY_7YR_N,38
LO_INC_RPY_7YR_N,55
MD_INC_RPY_7YR_N,109
HI_INC_RPY_7YR_N,151
DEP_RPY_7YR_N,PrivacySuppressed
IND_RPY_7YR_N,PrivacySuppressed
PELL_RPY_7YR_N,84
NOPELL_RPY_7YR_N,231
FEMALE_RPY_7YR_N,168
MALE_RPY_7YR_N,147
FIRSTGEN_RPY_7YR_N,38
NOTFIRSTGEN_RPY_7YR_N,277
COUNT_ED,NULL
LOAN_EVER,0.875338753
PELL_EVER,0.411924119
AGE_ENTRY,19.3197832
AGE_ENTRY_SQ,NULL
AGEGE24,0
FEMALE,0.487804878
MARRIED,PrivacySuppressed
DEPENDENT,PrivacySuppressed
VETERAN,PrivacySuppressed
FIRST_GEN,0.162393162
FAMINC,93496.93496
MD_FAMINC,78643
FAMINC_IND,PrivacySuppressed
LNFAMINC,NULL
LNFAMINC_IND,NULL
PCT_WHITE,80.66000366
PCT_BLACK,7.659999847
PCT_ASIAN,5.010000229
PCT_HISPANIC,7.599999905
PCT_BA,22.32999992
PCT_GRAD_PROF,14.10000038
PCT_BORN_US,88.84999847
MEDIAN_HH_INC,71070.84
POVERTY_RATE,6.730000019
UNEMP_RATE,3.230000019
LN_MEDIAN_HH_INC,11.10999966
FSEND_COUNT,NULL
FSEND_1,NULL
FSEND_2,NULL
FSEND_3,NULL
FSEND_4,NULL
FSEND_5,NULL
COUNT_NWNE_P10,31
COUNT_WNE_P10,292
MN_EARN_WNE_P10,67900
MD_EARN_WNE_P10,54200
PCT10_EARN_WNE_P10,11800
PCT25_EARN_WNE_P10,35800
PCT75_EARN_WNE_P10,82800
PCT90_EARN_WNE_P10,105200
SD_EARN_WNE_P10,58100
COUNT_WNE_INC1_P10,36
COUNT_WNE_INC2_P10,75
COUNT_WNE_INC3_P10,181
COUNT_WNE_INDEP0_INC1_P10,21
COUNT_WNE_INDEP0_P10,PrivacySuppressed
COUNT_WNE_INDEP1_P10,PrivacySuppressed
COUNT_WNE_MALE0_P10,142
COUNT_WNE_MALE1_P10,150
GT_25K_P10,0.831
MN_EARN_WNE_INC1_P10,PrivacySuppressed
MN_EARN_WNE_INC2_P10,PrivacySuppressed
MN_EARN_WNE_INC3_P10,71000
MN_EARN_WNE_INDEP0_INC1_P10,PrivacySuppressed
MN_EARN_WNE_INDEP0_P10,PrivacySuppressed
MN_EARN_WNE_INDEP1_P10,PrivacySuppressed
MN_EARN_WNE_MALE0_P10,57900
MN_EARN_WNE_MALE1_P10,77300
COUNT_NWNE_P6,25
COUNT_WNE_P6,255
MN_EARN_WNE_P6,43400
MD_EARN_WNE_P6,39500
PCT10_EARN_WNE_P6,9100
PCT25_EARN_WNE_P6,21100
PCT75_EARN_WNE_P6,58200
PCT90_EARN_WNE_P6,70500
SD_EARN_WNE_P6,30200
COUNT_WNE_INC1_P6,40
COUNT_WNE_INC2_P6,69
COUNT_WNE_INC3_P6,146
COUNT_WNE_INDEP0_INC1_P6,42
COUNT_WNE_INDEP0_P6,PrivacySuppressed
COUNT_WNE_INDEP1_P6,PrivacySuppressed
COUNT_WNE_MALE0_P6,121
COUNT_WNE_MALE1_P6,134
GT_25K_P6,0.692
MN_EARN_WNE_INC1_P6,PrivacySuppressed
MN_EARN_WNE_INC2_P6,PrivacySuppressed
MN_EARN_WNE_INC3_P6,47500
MN_EARN_WNE_INDEP0_INC1_P6,PrivacySuppressed
MN_EARN_WNE_INDEP0_P6,PrivacySuppressed
MN_EARN_WNE_INDEP1_P6,PrivacySuppressed
MN_EARN_WNE_MALE0_P6,39600
MN_EARN_WNE_MALE1_P6,46800
COUNT_NWNE_P7,24
COUNT_WNE_P7,235
MN_EARN_WNE_P7,47500
SD_EARN_WNE_P7,40400
GT_25K_P7,0.727659583
COUNT_NWNE_P8,29
COUNT_WNE_P8,257
MN_EARN_WNE_P8,52500
MD_EARN_WNE_P8,45800
PCT10_EARN_WNE_P8,8300
PCT25_EARN_WNE_P8,30100
PCT75_EARN_WNE_P8,65000
PCT90_EARN_WNE_P8,95100
SD_EARN_WNE_P8,34800
GT_25K_P8,0.773
COUNT_NWNE_P9,26
COUNT_WNE_P9,250
MN_EARN_WNE_P9,53400
SD_EARN_WNE_P9,48100
GT_25K_P9,0.744000018
DEBT_MDN_SUPP,18730
GRAD_DEBT_MDN_SUPP,19500
GRAD_DEBT_MDN10YR_SUPP,201.6252347
RPY_3YR_RT_SUPP,0.923875433
LO_INC_RPY_3YR_RT_SUPP,PrivacySuppressed
MD_INC_RPY_3YR_RT_SUPP,0.860465116
HI_INC_RPY_3YR_RT_SUPP,PrivacySuppressed
COMPL_RPY_3YR_RT_SUPP,PrivacySuppressed
NONCOM_RPY_3YR_RT_SUPP,PrivacySuppressed
DEP_RPY_3YR_RT_SUPP,PrivacySuppressed
IND_RPY_3YR_RT_SUPP,PrivacySuppressed
PELL_RPY_3YR_RT_SUPP,0.872340426
NOPELL_RPY_3YR_RT_SUPP,0.948717949
FEMALE_RPY_3YR_RT_SUPP,0.922535211
MALE_RPY_3YR_RT_SUPP,0.925170068
FIRSTGEN_RPY_3YR_RT_SUPP,PrivacySuppressed
NOTFIRSTGEN_RPY_3YR_RT_SUPP,PrivacySuppressed
C150_L4_POOLED_SUPP,NULL
C150_4_POOLED_SUPP,0.9336
C200_L4_POOLED_SUPP,NULL
C200_4_POOLED_SUPP,0.9268
ALIAS,NULL
C100_4,0.8826
D100_4,511
C100_L4,NULL
D100_L4,NULL
TRANS_4,0
DTRANS_4,511
TRANS_L4,NULL
DTRANS_L4,NULL
ICLEVEL,1
UGDS_MEN,0.4954
UGDS_WOMEN,0.5046
CDR3_DENOM,176
CDR2_DENOM,216
T4APPROVALDATE,12/1/65
D150_4_WHITE,343
D150_4_BLACK,17
D150_4_HISP,38
D150_4_ASIAN,34
D150_4_AIAN,0
D150_4_NHPI,1
D150_4_2MOR,23
D150_4_NRA,41
D150_4_UNKN,14
D150_4_WHITENH,355
D150_4_BLACKNH,27
D150_4_API,49
D150_4_AIANOLD,3
D150_4_HISPOLD,28
D150_L4_WHITE,NULL
D150_L4_BLACK,NULL
D150_L4_HISP,NULL
D150_L4_ASIAN,NULL
D150_L4_AIAN,NULL
D150_L4_NHPI,NULL
D150_L4_2MOR,NULL
D150_L4_NRA,NULL
D150_L4_UNKN,NULL
D150_L4_WHITENH,NULL
D150_L4_BLACKNH,NULL
D150_L4_API,NULL
D150_L4_AIANOLD,NULL
D150_L4_HISPOLD,NULL
D_PCTPELL_PCTFLOAN,2014
OPENADMP,2
UGNONDS,60
GRADS,NULL
ACCREDCODE,NCACHE
OMACHT6_FTFT,488
OMAWDP6_FTFT,0.9303
OMACHT8_FTFT,488
OMAWDP8_FTFT,0.9303
OMENRYP8_FTFT,0
OMENRAP8_FTFT,0.0533
OMENRUP8_FTFT,0.0164
OMACHT6_PTFT,0
OMAWDP6_PTFT,NULL
OMACHT8_PTFT,0
OMAWDP8_PTFT,NULL
OMENRYP8_PTFT,NULL
OMENRAP8_PTFT,NULL
OMENRUP8_PTFT,NULL
OMACHT6_FTNFT,9
OMAWDP6_FTNFT,1
OMACHT8_FTNFT,9
OMAWDP8_FTNFT,1
OMENRYP8_FTNFT,0
OMENRAP8_FTNFT,0
OMENRUP8_FTNFT,0
OMACHT6_PTNFT,0
OMAWDP6_PTNFT,NULL
OMACHT8_PTNFT,0
OMAWDP8_PTNFT,NULL
OMENRYP8_PTNFT,NULL
OMENRAP8_PTNFT,NULL
OMENRUP8_PTNFT,NULL
RET_FT4_POOLED,0.9646
RET_FTL4_POOLED,NULL
RET_PT4_POOLED,NULL
RET_PTL4_POOLED,NULL
RET_FT_DEN4_POOLED,1018
RET_FT_DENL4_POOLED,NULL
RET_PT_DEN4_POOLED,NULL
RET_PT_DENL4_POOLED,NULL
POOLYRSRET_FT,2
POOLYRSRET_PT,NULL
RET_FT4_POOLED_SUPP,0.9646
RET_FTL4_POOLED_SUPP,NULL
RET_PT4_POOLED_SUPP,NULL
RET_PTL4_POOLED_SUPP,NULL
TRANS_4_POOLED,0
TRANS_L4_POOLED,NULL
DTRANS_4_POOLED,999
DTRANS_L4_POOLED,NULL
TRANS_4_POOLED_SUPP,0
TRANS_L4_POOLED_SUPP,NULL
C100_4_POOLED,0.8961
C100_L4_POOLED,NULL
D100_4_POOLED,1039
D100_L4_POOLED,NULL
POOLYRS100,2
C100_4_POOLED_SUPP,0.8961
C100_L4_POOLED_SUPP,NULL
C150_4_PELL,0.8889
D150_4_PELL,63
C150_L4_PELL,NULL
D150_L4_PELL,NULL
C150_4_LOANNOPELL,0.9
D150_4_LOANNOPELL,50
C150_L4_LOANNOPELL,NULL
D150_L4_LOANNOPELL,NULL
C150_4_NOLOANNOPELL,0.9296
D150_4_NOLOANNOPELL,398
C150_L4_NOLOANNOPELL,NULL
D150_L4_NOLOANNOPELL,NULL
GT_28K_P10,0.818
GT_28K_P8,0.77
GT_28K_P6,0.651